Area,Room,Price,Price(USD)
63,1,1850000000,61666.67
60,1,1850000000,61666.67
79,2,550000000,18333.33
95,2,902500000,30083.33
123,2,7000000000,233333.33
70,2,2050000000,68333.33
87,2,600000000,20000
59,1,2150000000,71666.67
54,2,493000000,16433.33
71,1,2370000000,79000
68,2,2450000000,81666.67
64,1,2100000000,70000
54,1,1690000000,56333.33
136,3,11000000000,366666.67
95,2,5000000000,166666.67
63,1,570000000,19000
155,3,6700000000,223333.33
64,2,1450000000,48333.33
140,3,6400000000,213333.33
42,1,1390000000,46333.33
93,2,7000000000,233333.33
87,2,2500000000,83333.33
65,1,1880000000,62666.67
99,2,2277000000,75900
105,2,7150000000,238333.33
160,3,14945000000,498166.67
77,2,1771000000,59033.33
123,2,4059000000,135300
110,2,630000000,21000
100,2,3200000000,106666.67
90,2,1500000000,50000
49,1,2200000000,73333.33
96,2,7872000000,262400
67,2,2350000000,78333.33
68,2,2500000000,83333.33
62,1,2150000000,71666.67
55,1,2150000000,71666.67
110,2,3750000000,125000
129,2,5250000000,175000
109,2,4830000000,161000
58,1,3400000000,113333.33
55,1,3850000000,128333.33
150,2,1200000000,40000
60,2,2650000000,88333.33
130,3,5000000000,166666.67
88,2,4750000000,158333.33
51,1,2980000000,99333.33
113,3,7000000000,233333.33
110,2,2035000000,67833.33
60,1,2460000000,82000
98,2,540000000,18000
62,2,1450000000,48333.33
150,3,10000000000,333333.33
75,2,635000000,21166.67
61,1,2030000000,67666.67
61,1,2030000000,67666.67
72,2,2350000000,78333.33
100,2,3000000000,100000
122,3,7200000000,240000
215,3,1750000000,58333.33
101,2,3300000000,110000
67,2,2800000000,93333.33
72,2,2200000000,73333.33
63,1,2200000000,73333.33
75,2,2200000000,73333.33
109,2,3500000000,116666.67
122,2,7000000000,233333.33
70,1,3100000000,103333.33
60,1,2450000000,81666.67
53,1,1920000000,64000
90,1,850000000,28333.33
72,2,1650000000,55000
74,2,1700000000,56666.67
88,3,560000000,18666.67
63,1,2150000000,71666.67
114,3,5500000000,183333.33
151,3,10200000000,340000
42,1,1760000000,58666.67
74,2,1700000000,56666.67
88,3,560000000,18666.67
63,1,2150000000,71666.67
114,3,5500000000,183333.33
151,3,10200000000,340000
42,1,1760000000,58666.67
300,3,1500000000,50000
110,2,3730000000,124333.33
100,2,620000000,20666.67
140,1,580000000,19333.33
70,2,3050000000,101666.67
60,2,2000000000,66666.67
76,2,2600000000,86666.67
148,3,5990000000,199666.67
75,2,2300000000,76666.67
40,1,1300000000,43333.33
65,2,2270000000,75666.67
140,3,4000000000,133333.33
110,2,4000000000,133333.33
70,2,1650000000,55000
128,3,6700000000,223333.33
94,2,580000000,19333.33
67,1,2300000000,76666.67
75,1,650000000,21666.67
130,2,16900000000,563333.33
40,0,248000000,8266.67
97,2,510000000,17000
110,2,3850000000,128333.33
150,3,6000000000,200000
75,2,780000000,26000
137,3,7200000000,240000
85,2,410000000,13666.67
68,2,430000000,14333.33
78,2,800000000,26666.67
85,2,545000000,18166.67
100,2,1280000000,42666.67
71,2,2800000000,93333.33
140,3,11200000000,373333.33
136,3,750000000,25000
48,1,850000000,28333.33
100,2,3300000000,110000
82,2,3280000000,109333.33
120,3,4800000000,160000
139,3,7300000000,243333.33
110,3,3950000000,131666.67
78,2,370000000,12333.33
79,2,750000000,25000
66,2,1725000000,57500
78,2,780000000,26000
85,2,1419000000,47300
100,2,1200000000,40000
80,2,3600000000,120000
44,1,1050000000,35000
120,2,1200000000,40000
50,1,340000000,11333.33
121,3,3300000000,110000
80,2,2800000000,93333.33
70,2,1200000000,40000
160,1,3600000,120
40,0,165000000,5500
88,2,2860000000,95333.33
141,3,3810000000,127000
140,3,1790000000,59666.67
120,2,1530000000,51000
66,2,1000000000,33333.33
70,2,3500000000,116666.67
75,2,3000000000,100000
70,2,1800000000,60000
150,3,20000000000,666666.67
95,2,950000000,31666.67
127,2,6000000000,200000
123,3,3700000000,123333.33
63,2,2000000000,66666.67
90,2,3050000000,101666.67
105,2,605000000,20166.67
180,3,9900000000,330000
120,3,3700000000,123333.33
65,2,2500000000,83333.33
158,3,10480000000,349333.33
144,3,7632000000,254400
144,3,7632000000,254400
130,3,12300000000,410000
245,3,26950000000,898333.33
190,3,24300000000,810000
63,2,3000000000,100000
75,2,2100000000,70000
88,2,4700000000,156666.67
108,2,9180000000,306000
117,2,1579500000,52650
200,3,12000000000,400000
65,1,1750000000,58333.33
90,2,3780000000,126000
125,2,8100000000,270000
140,3,9100000000,303333.33
71,2,1550000000,51666.67
71,2,1640000000,54666.67
236,4,20000000000,666666.67
67,2,2750000000,91666.67
60,1,1750000000,58333.33
220,3,15400000000,513333.33
44,1,350000000,11666.67
68,1,4115000000,137166.67
100,2,8000000000,266666.67
86,2,580000000,19333.33
84,2,560000000,18666.67
94,2,4800000000,160000
55,1,1550000000,51666.67
113,2,7500000000,250000
71,2,630000000,21000
70,2,2000000000,66666.67
200,3,2400000000,80000
106,2,1100000000,36666.67
320,4,24000000000,800000
114,2,3820000000,127333.33
100,2,6000000000,200000
122,2,5800000000,193333.33
200,2,3500000000,116666.67
154,3,12300000000,410000
210,3,15750000000,525000
200,3,11000000000,366666.67
65,1,3000000000,100000
124,3,3968000000,132266.67
83,2,1909000000,63633.33
270,4,37800000000,1260000
104,2,5700000000,190000
150,3,10490000000,349666.67
103,3,3200000000,106666.67
48,1,1920000000,64000
165,3,12300000000,410000
135,2,7400000000,246666.67
86,2,6200000000,206666.67
75,2,2350000000,78333.33
58,1,1850000000,61666.67
125,2,21500000000,716666.67
82,2,1886000000,62866.67
58,2,2200000000,73333.33
101,2,2323000000,77433.33
90,2,6800000000,226666.67
180,3,20700000000,690000
132,3,6250000000,208333.33
81,2,1863000000,62100
153,3,13000000000,433333.33
166,3,12500000000,416666.67
200,3,17000000000,566666.67
113,2,8500000000,283333.33
100,2,2300000000,76666.67
80,2,3350000000,111666.67
76,2,2000000000,66666.67
128,3,5700000000,190000
210,3,27000000000,900000
140,2,12600000000,420000
74,2,1702000000,56733.33
75,1,3000000000,100000
120,2,7500000000,250000
120,2,7500000000,250000
85,2,5000000000,166666.67
105,2,700000000,23333.33
175,3,15600000000,520000
170,3,15350000000,511666.67
58,1,2810000000,93666.67
75,2,395000000,13166.67
160,3,15100000000,503333.33
62,1,1850000000,61666.67
93,2,1450000000,48333.33
75,2,715000000,23833.33
86,2,1200000000,40000
120,2,4260000000,142000
95,2,1500000000,50000
70,2,2120000000,70666.67
75,2,2000000000,66666.67
81,2,590000000,19666.67
65,1,1930000000,64333.33
75,2,2730000000,91000
106,2,3150000000,105000
115,2,4600000000,153333.33
100,2,3000000000,100000
118,2,4500000000,150000
116,2,5100000000,170000
76,2,2200000000,73333.33
74,2,2300000000,76666.67
96,2,4500000000,150000
87,2,625000000,20833.33
43,1,1620000000,54000
155,3,17050000000,568333.33
53,1,1920000000,64000
160,3,17600000000,586666.67
78,2,2250000000,75000
230,3,25300000000,843333.33
55,1,1850000000,61666.67
120,2,11700000000,390000
78,2,3600000000,120000
95,2,4400000000,146666.67
170,3,15400000000,513333.33
175,3,22750000000,758333.33
115,3,4500000000,150000
113,2,4300000000,143333.33
85,2,3380000000,112666.67
140,3,10000000000,333333.33
90,2,6500000000,216666.67
63,1,2200000000,73333.33
75,2,3220000000,107333.33
130,3,6240000000,208000
91,2,3350000000,111666.67
121,3,3650000000,121666.67
140,3,15500000000,516666.67
126,2,5500000000,183333.33
450,2,4200000000,140000
500,2,3900000000,130000
110,1,6600000000,220000
145,3,4700000000,156666.67
81,2,810000000,27000
64,2,2200000000,73333.33
112,2,3680000000,122666.67
192,3,12670000000,422333.33
164,3,10000000000,333333.33
135,3,8100000000,270000
170,3,9200000000,306666.67
130,3,5200000000,173333.33
84,2,3400000000,113333.33
82,2,3550000000,118333.33
265,3,20000000000,666666.67
60,1,1950000000,65000
145,3,15500000000,516666.67
65,1,2000000000,66666.67
60,1,2280000000,76000
63,2,2000000000,66666.67
70,2,1950000000,65000
92,2,3900000000,130000
98,2,7800000000,260000
62,1,2280000000,76000
65,1,2900000000,96666.67
90,2,5000000000,166666.67
59,2,1900000000,63333.33
63,2,2000000000,66666.67
60,2,2200000000,73333.33
70,2,2500000000,83333.33
60,1,2200000000,73333.33
165,3,10500000000,350000
135,2,17500000000,583333.33
65,1,2000000000,66666.67
60,1,2250000000,75000
60,1,2250000000,75000
86,2,3600000000,120000
109,2,6000000000,200000
98,2,2842000000,94733.33
80,2,3120000000,104000
143,3,8860000000,295333.33
95,2,4550000000,151666.67
86,2,3700000000,123333.33
160,3,10000000000,333333.33
200,3,16580000000,552666.67
74,1,3250000000,108333.33
350,3,52500000000,1750000
87,2,3550000000,118333.33
82,2,3450000000,115000
55,1,2490000000,83000
148,3,8400000000,280000
55,1,2020000000,67333.33
100,2,3800000000,126666.67
55,1,1550000000,51666.67
130,3,5300000000,176666.67
335,4,33500000000,1116666.67
320,4,40000000000,1333333.33
192,3,19500000000,650000
100,2,8000000000,266666.67
148,3,14800000000,493333.33
145,2,14700000000,490000
192,4,22000000000,733333.33
235,3,16450000000,548333.33
225,3,15750000000,525000
221,4,25000000000,833333.33
312,4,45000000000,1500000
188,3,17672000000,589066.67
170,2,12400000000,413333.33
198,3,27720000000,924000
80,2,3100000000,103333.33
170,3,18700000000,623333.33
110,2,6600000000,220000
650,2,5200000000,173333.33
200,3,12000000000,400000
101,3,6500000000,216666.67
104,2,3850000000,128333.33
70,2,3200000000,106666.67
76,2,2570000000,85666.67
110,2,4300000000,143333.33
160,2,16200000000,540000
179,3,13800000000,460000
256,3,18500000000,616666.67
90,2,3850000000,128333.33
77,2,2570000000,85666.67
96,2,5600000000,186666.67
75,1,3250000000,108333.33
79,2,3000000000,100000
67,1,3400000000,113333.33
125,2,6400000000,213333.33
75,2,1890000000,63000
75,2,1890000000,63000
91,2,5400000000,180000
105,2,1417500000,47250
66,2,1585000000,52833.33
86,2,3270000000,109000
72,2,2380000000,79333.33
148,2,4500000000,150000
84,2,4600000000,153333.33
128,2,12800000000,426666.67
65,1,3900000000,130000
140,3,11800000000,393333.33
115,2,7400000000,246666.67
105,2,5700000000,190000
87,2,650000000,21666.67
75,2,1890000000,63000
60,1,875000000,29166.67
68,1,2630000000,87666.67
49,1,2200000000,73333.33
103,2,9270000000,309000
55,1,2200000000,73333.33
140,3,7700000000,256666.67
257,4,12850000000,428333.33
82,2,4018000000,133933.33
167,3,10688000000,356266.67
53,1,1640000000,54666.67
51,1,1550000000,51666.67
54,1,2130000000,71000
82,2,4100000000,136666.67
75,2,2800000000,93333.33
98,2,4520000000,150666.67
75,2,1890000000,63000
70,1,5600000000,186666.67
75,2,1890000000,63000
64,1,3700000000,123333.33
85,2,2100000000,70000
48,1,980000000,32666.67
75,2,1890000000,63000
246,3,22500000000,750000
168,3,14000000000,466666.67
280,4,38500000000,1283333.33
75,2,1890000000,63000
84,2,680000000,22666.67
75,2,1890000000,63000
108,2,5180000000,172666.67
62,1,2580000000,86000
70,2,3370000000,112333.33
180,3,9900000000,330000
135,3,6480000000,216000
75,2,1890000000,63000
108,2,6200000000,206666.67
91,2,5180000000,172666.67
120,2,8900000000,296666.67
112,2,7500000000,250000
75,2,1890000000,63000
123,2,4059000000,135300
69,2,1800000000,60000
400,5,85000000000,2833333.33
660,5,55000000000,1833333.33
66,1,1850000000,61666.67
80,2,2150000000,71666.67
44,1,880000000,29333.33
180,3,9360000000,312000
164,3,9840000000,328000
213,3,14484000000,482800
100,2,3400000000,113333.33
75,2,1890000000,63000
300,3,55500000000,1850000
126,3,3000000000,100000
85,2,2500000000,83333.33
75,2,1890000000,63000
57,1,1270000000,42333.33
61,1,1990000000,66333.33
79,2,1817000000,60566.67
68,1,2450000000,81666.67
105,2,1000000000,33333.33
105,2,7700000000,256666.67
160,2,1930000000,64333.33
100,2,585000000,19500
125,3,12500000000,416666.67
94,2,990000000,33000
80,2,2200000000,73333.33
75,2,2300000000,76666.67
99,3,4190000000,139666.67
90,2,4099000000,136633.33
129,3,4500000000,150000
245,3,36500000000,1216666.67
102,2,2030000000,67666.67
141,3,1225000000,40833.33
96,2,3840000000,128000
155,3,8600000000,286666.67
300,3,55500000000,1850000
87,2,6264000000,208800
87,2,6264000000,208800
105,2,6200000000,206666.67
61,1,1850000000,61666.67
88,2,3700000000,123333.33
101,2,3700000000,123333.33
160,2,1930000000,64333.33
130,2,3250000000,108333.33
150,3,7800000000,260000
144,2,6600000000,220000
91,2,4500000000,150000
68,2,2200000000,73333.33
133,3,2260000000,75333.33
71,2,1633000000,54433.33
64,1,680000000,22666.67
132,2,2244000000,74800
95,2,5600000000,186666.67
95,2,4500000000,150000
102,2,5200000000,173333.33
120,2,6250000000,208333.33
117,3,4600000000,153333.33
55,1,1570000000,52333.33
60,1,295000000,9833.33
85,2,1900000000,63333.33
80,2,1750000000,58333.33
54,1,1500000000,50000
57,1,1880000000,62666.67
101,2,3130000000,104333.33
65,2,1960000000,65333.33
91,2,3230000000,107666.67
105,2,690000000,23000
86,2,3480000000,116000
200,3,35000000000,1166666.67
87,2,760000000,25333.33
103,2,3550000000,118333.33
81,2,2891700000,96390
73,2,2600000000,86666.67
90,2,455000000,15166.67
134,3,1600000000,53333.33
60,1,1850000000,61666.67
51,1,2020000000,67333.33
108,2,1300000000,43333.33
86,2,610000000,20333.33
110,2,1870000000,62333.33
88,2,740000000,24666.67
85,2,780000000,26000
100,2,3000000000,100000
87,2,715000000,23833.33
191,3,18145000000,604833.33
91,2,2093000000,69766.67
282,3,36660000000,1222000
282,2,30000000000,1000000
210,3,23100000000,770000
87,2,650000000,21666.67
170,2,7140000000,238000
89,2,2047000000,68233.33
64,2,3200000000,106666.67
89,2,3100000000,103333.33
135,3,11800000000,393333.33
75,2,1650000000,55000
105,2,3990000000,133000
320,4,40000000000,1333333.33
111,2,6800000000,226666.67
133,3,7448000000,248266.67
65,1,3250000000,108333.33
65,1,2650000000,88333.33
112,2,8200000000,273333.33
147,3,8400000000,280000
150,3,12000000000,400000
67,1,3450000000,115000
220,3,15000000000,500000
66,2,2510000000,83666.67
75,2,1880000000,62666.67
180,3,12600000000,420000
103,2,5200000000,173333.33
68,1,3570000000,119000
115,2,11000000000,366666.67
115,2,1900000000,63333.33
150,3,8400000000,280000
78,2,2000000000,66666.67
100,2,1000000000,33333.33
58,1,2650000000,88333.33
90,2,4200000000,140000
235,3,24000000000,800000
48,1,2250000000,75000
70,2,2800000000,93333.33
86,2,4200000000,140000
79,2,550000000,18333.33
88,2,3600000000,120000
145,3,13000000000,433333.33
64,2,1500000000,50000
135,3,11475000000,382500
50,1,1260000000,42000
87,2,540000000,18000
84,2,550000000,18333.33
300,4,42000000000,1400000
137,3,10000000000,333333.33
105,2,9500000000,316666.67
145,2,11000000000,366666.67
84,2,560000000,18666.67
170,2,32000000000,1066666.67
157,3,14800000000,493333.33
170,3,19000000000,633333.33
283,3,29700000000,990000
84,2,540000000,18000
3310000000,2,3310000000,110333.33
84,2,550000000,18333.33
80,2,3250000000,108333.33
863,2,7830000000,261000
125,2,8700000000,290000
65,2,2350000000,78333.33
105,2,5300000000,176666.67
170,3,18700000000,623333.33
230,3,19300000000,643333.33
200,3,22000000000,733333.33
150,3,13000000000,433333.33
93,2,4650000000,155000
110,2,4500000000,150000
415,5,53950000000,1798333.33
95,2,5700000000,190000
128,3,8960000000,298666.67
140,2,8400000000,280000
86,2,3200000000,106666.67
70,2,3900000000,130000
173,3,9515000000,317166.67
72,2,3150000000,105000
73,2,3900000000,130000
75,1,3200000000,106666.67
67,2,2200000000,73333.33
68,2,2700000000,90000
88,2,1900000000,63333.33
111,2,5661000000,188700
98,2,3750000000,125000
62,2,2750000000,91666.67
80,2,4240000000,141333.33
200,4,15000000000,500000
210,4,15500000000,516666.67
162,3,12150000000,405000
150,3,12000000000,400000
82,2,1100000000,36666.67
130,3,11100000000,370000
76,2,4000000000,133333.33
96,2,4800000000,160000
103,2,5200000000,173333.33
135,3,8700000000,290000
140,2,12600000000,420000
165,3,14800000000,493333.33
120,2,1050000000,35000
160,2,2000000000,66666.67
150,3,9000000000,300000
51,1,1300000000,43333.33
75,1,3900000000,130000
180,3,9900000000,330000
93,2,1181100000,39370
84,2,1150800000,38360
92,2,1012000000,33733.33
105,2,1365000000,45500
67,2,2400000000,80000
100,2,5500000000,183333.33
170,3,10800000000,360000
162,3,7600000000,253333.33
43,1,2080000000,69333.33
150,3,12500000000,416666.67
245,3,22050000000,735000
93,2,4140000000,138000
60,1,295000000,9833.33
128,3,9300000000,310000
87,2,795000000,26500
100,2,5500000000,183333.33
124,2,7040000000,234666.67
156,3,9400000000,313333.33
171,3,14000000000,466666.67
58,2,2080000000,69333.33
88,2,2024000000,67466.67
190,3,24700000000,823333.33
61,1,2180000000,72666.67
165,3,17200000000,573333.33
235,3,26500000000,883333.33
87,2,670000000,22333.33
121,3,630000000,21000
105,2,955000000,31833.33
100,3,500000000,16666.67
105,2,980000000,32666.67
69,2,2050000000,68333.33
115,2,13000000000,433333.33
157,3,18500000000,616666.67
145,3,7541000000,251366.67
160,3,10700000000,356666.67
261,4,26000000000,866666.67
145,3,11000000000,366666.67
51,1,1275000000,42500
87,2,490000000,16333.33
116,2,4350000000,145000
95,2,2280000000,76000
75,2,2250000000,75000
86,2,1978000000,65933.33
95,2,4200000000,140000
85,2,1955000000,65166.67
88,2,2024000000,67466.67
93,2,2139000000,71300
70,2,1630000000,54333.33
140,3,9800000000,326666.67
81,2,4000000000,133333.33
109,2,3500000000,116666.67
122,2,7000000000,233333.33
70,1,3100000000,103333.33
60,1,2450000000,81666.67
53,1,1920000000,64000
45,1,1200000000,40000
58,1,1900000000,63333.33
140,3,4400000000,146666.67
100,2,3580000000,119333.33
96,2,3750000000,125000
79,2,2850000000,95000
125,3,3750000000,125000
75,2,3050000000,101666.67
145,2,4500000000,150000
102,2,4520000000,150666.67
115,2,4350000000,145000
140,3,8500000000,283333.33
66,1,3300000000,110000
161,3,8350000000,278333.33
102,2,4500000000,150000
145,4,5100000000,170000
95,2,2970000000,99000
78,2,460000000,15333.33
90,2,3150000000,105000
66,1,1090000000,36333.33
48,1,810000000,27000
85,2,3200000000,106666.67
63,1,2000000000,66666.67
105,2,1035000000,34500
55,1,1090000000,36333.33
103,2,1035000000,34500
155,3,10000000000,333333.33
101,2,1035000000,34500
106,2,1245000000,41500
100,2,1035000000,34500
77,2,2650000000,88333.33
66,2,2700000000,90000
105,3,3600000000,120000
117,2,6500000000,216666.67
118,2,3900000000,130000
151,3,1510000000,50333.33
16160000000,3,16160000000,538666.67
86,2,500000000,16666.67
85,2,600000000,20000
86,2,750000000,25000
86,2,600000000,20000
75,2,3300000000,110000
200,3,20000000000,666666.67
46,1,450000000,15000
98,2,570000000,19000
90,2,6700000000,223333.33
70,2,2950000000,98333.33
40,1,350000000,11666.67
58,1,2750000000,91666.67
90,2,4590000000,153000
78,2,3300000000,110000
200,3,20000000000,666666.67
82,2,4200000000,140000
115,3,7485000000,249500
125,2,11250000000,375000
107,2,9200000000,306666.67
55,1,850000000,28333.33
50,1,1500000000,50000
75,2,60000000,2000
420,5,11000000000,366666.67
225,4,5500000000,183333.33
230,3,13800000000,460000
147,3,11500000000,383333.33
97,2,900000000,30000
145,3,12300000000,410000
50,1,1750000000,58333.33
117,2,6100000000,203333.33
72,1,730000000,24333.33
161,3,13000000000,433333.33
400,5,18500000000,616666.67
230,3,23000000000,766666.67
170,3,7950000000,265000
58,1,2050000000,68333.33
57,1,1950000000,65000
115,3,8100000000,270000
50,1,1200000000,40000
84,2,850000000,28333.33
78,2,580000000,19333.33
64,2,960000000,32000
113,2,6500000000,216666.67
175,3,9450000000,315000
111,2,6050000000,201666.67
128,3,6500000000,216666.67
200,4,14000000000,466666.67
131,2,7980000000,266000
105,3,6000000000,200000
87,2,650000000,21666.67
61,2,1100000000,36666.67
140,3,6300000000,210000
185,3,9000000000,300000
122,2,7900000000,263333.33
69,2,3795000000,126500
95,2,6700000000,223333.33
90,2,4000000000,133333.33
57,1,1600000000,53333.33
400,3,2000000000,66666.67
81,2,1109700000,36990
94,2,1250000000,41666.67
134,2,1608000000,53600
74,2,315000000,10500
44,1,585000000,19500
100,2,3250000000,108333.33
175,3,9300000000,310000
54,2,1850000000,61666.67
96,2,2210000000,73666.67
90,2,2400000000,80000
90,2,3170000000,105666.67
68,2,1100000000,36666.67
68,2,1100000000,36666.67
90,2,3200000000,106666.67
97,2,4700000000,156666.67
78,2,2730000000,91000
125,3,5550000000,185000
97,2,5950000000,198333.33
100,2,6200000000,206666.67
63,2,2100000000,70000
57,1,2000000000,66666.67
80,2,1390000000,46333.33
88,2,1574000000,52466.67
94,2,1712000000,57066.67
109,3,4230000000,141000
78,2,3300000000,110000
250,3,32500000000,1083333.33
140,3,6800000000,226666.67
100,2,500000000,16666.67
95,2,3150000000,105000
85,2,1150000000,38333.33
83,2,2575000000,85833.33
100,2,5500000000,183333.33
60,2,3450000000,115000
82,2,3050000000,101666.67
150,3,2800000000,93333.33
49,1,460000000,15333.33
216,4,5700000000,190000
1000,2,7000000000,233333.33
77,2,440000000,14666.67
63,1,2080000000,69333.33
125,3,1300000000,43333.33
45,1,1900000000,63333.33
135,3,7500000000,250000
80,2,4700000000,156666.67
155,3,9800000000,326666.67
125,3,6300000000,210000
95,2,6250000000,208333.33
85,2,4500000000,150000
110,2,8100000000,270000
680,5,81600000000,2720000
63,1,2350000000,78333.33
60,1,3600000000,120000
210,3,14000000000,466666.67
145,3,11600000000,386666.67
171,3,8900000000,296666.67
55,1,1830000000,61000
140,3,7700000000,256666.67
147,3,8700000000,290000
83,2,2400000000,80000
105,2,514000000,17133.33
55,1,2000000000,66666.67
750,5,75000000000,2500000
62,2,2100000000,70000
55,1,1900000000,63333.33
75,2,1950000000,65000
95,2,4200000000,140000
89,2,3620000000,120666.67
202,3,7474000000,249133.33
51,1,1720000000,57333.33
400,1,3000000000,100000
145,3,7600000000,253333.33
115,3,5000000000,166666.67
130,3,8450000000,281666.67
62,1,950000000,31666.67
94,2,3160000000,105333.33
87,2,726000000,24200
51,2,1050000000,35000
95,2,2870000000,95666.67
80,2,2150000000,71666.67
145,3,4300000000,143333.33
155,3,9300000000,310000
88,2,3940000000,131333.33
175,3,15225000000,507500
94,2,4700000000,156666.67
89,2,3300000000,110000
62,2,3400000000,113333.33
136,3,7550000000,251666.67
60,1,2450000000,81666.67
120,3,5000000000,166666.67
137,3,1750000000,58333.33
160,3,12500000000,416666.67
110,2,8800000000,293333.33
71,2,940000000,31333.33
155,3,10000000000,333333.33
80,2,1110000000,37000
84,3,1590000000,53000
77,2,5544000000,184800
74,2,4100000000,136666.67
130,3,5400000000,180000
70,2,2400000000,80000
75,2,389000000,12966.67
83,2,5000000000,166666.67
65,1,3500000000,116666.67
62,1,1100000000,36666.67
140,3,1484000000,49466.67
235,3,25900000000,863333.33
102,2,8100000000,270000
138,3,1242000000,41400
49,1,380000000,12666.67
250,3,45000000000,1500000
48,1,995000000,33166.67
68,2,1550000000,51666.67
128,3,5200000000,173333.33
60,1,1380000000,46000
85,2,3200000000,106666.67
85,2,565000000,18833.33
78,2,550000000,18333.33
38,1,850000000,28333.33
92,2,2760000000,92000
95,2,4650000000,155000
105,3,3900000000,130000
92,2,550000000,18333.33
76,2,2400000000,80000
85,2,1250000000,41666.67
161,3,15350000000,511666.67
85,2,1250000000,41666.67
50,1,750000000,25000
78,2,2650000000,88333.33
54,1,2150000000,71666.67
100,2,3800000000,126666.67
100,2,3500000000,116666.67
110,3,2330000000,77666.67
57,1,2050000000,68333.33
63,2,870000000,29000
100,2,3600000000,120000
80,1,560000000,18666.67
115,2,4200000000,140000
68,1,1950000000,65000
75,2,2350000000,78333.33
48,1,1900000000,63333.33
75,2,2450000000,81666.67
115,2,5000000000,166666.67
106,2,3500000000,116666.67
56,1,1980000000,66000
58,1,2080000000,69333.33
95,2,3700000000,123333.33
50,1,1900000000,63333.33
60,2,2100000000,70000
60,1,1920000000,64000
92,2,2500000000,83333.33
57,1,2300000000,76666.67
72,2,2300000000,76666.67
71,2,2280000000,76000
123,2,3600000000,120000
50,1,1950000000,65000
58,1,1850000000,61666.67
54,1,2050000000,68333.33
85,2,2350000000,78333.33
85,2,3450000000,115000
125,3,1300000000,43333.33
55,1,1920000000,64000
72,2,2500000000,83333.33
58,1,1850000000,61666.67
115,2,5200000000,173333.33
100,2,3450000000,115000
116,2,4170000000,139000
105,2,3250000000,108333.33
60,1,1800000000,60000
53,1,2120000000,70666.67
55,1,1780000000,59333.33
76,2,2250000000,75000
111,3,3500000000,116666.67
77,2,2150000000,71666.67
58,1,1860000000,62000
94,2,3200000000,106666.67
58,1,1880000000,62666.67
108,2,3300000000,110000
56,1,2000000000,66666.67
84,2,3250000000,108333.33
60,2,1950000000,65000
53,1,470000000,15666.67
73,2,2555000000,85166.67
73,2,1970000000,65666.67
150,3,5100000000,170000
114,2,3762000000,125400
66,2,1585000000,52833.33
53,1,540000000,18000
125,3,4000000000,133333.33
145,3,13625000000,454166.67
197,3,18715000000,623833.33
105,2,4000000000,133333.33
135,3,4050000000,135000
137,3,4660000000,155333.33
90,2,3200000000,106666.67
125,2,6625000000,220833.33
175,3,15500000000,516666.67
52,1,2300000000,76666.67
110,3,3100000000,103333.33
110,3,3100000000,103333.33
112,2,3300000000,110000
65,2,2150000000,71666.67
48,1,400000000,13333.33
105,2,2800000000,93333.33
56,1,2240000000,74666.67
108,2,1900000000,63333.33
78,2,2920000000,97333.33
85,2,520000000,17333.33
105,2,535000000,17833.33
145,3,11000000000,366666.67
145,3,8990000000,299666.67
140,3,6200000000,206666.67
66,2,1580000000,52666.67
121,3,3650000000,121666.67
105,2,3250000000,108333.33
150,2,1200000000,40000
98,2,4480000000,149333.33
108,2,3350000000,111666.67
95,2,2600000000,86666.67
64,1,900000000,30000
75,1,1875000000,62500
50,1,1950000000,65000
90,2,2500000000,83333.33
93,2,1510000000,50333.33
148,3,5750000000,191666.67
64,1,1050000000,35000
114,2,3600000000,120000
107,2,3500000000,116666.67
113,2,3270000000,109000
115,2,7400000000,246666.67
115,2,3600000000,120000
120,2,8400000000,280000
76,2,2700000000,90000
106,2,4520000000,150666.67
105,2,6900000000,230000
87,2,1570000000,52333.33
68,2,1970000000,65666.67
70,2,2580000000,86000
165,3,5250000000,175000
365,4,47450000000,1581666.67
175,3,15500000000,516666.67
50,1,1950000000,65000
70,2,4800000000,160000
165,3,10230000000,341000
115,2,5080000000,169333.33
93,2,2900000000,96666.67
181,3,13000000000,433333.33
57,1,1600000000,53333.33
175,3,11375000000,379166.67
146,3,8500000000,283333.33
135,3,6200000000,206666.67
50,1,1980000000,66000
110,2,535000000,17833.33
108,2,7000000000,233333.33
121,3,610000000,20333.33
220,3,35200000000,1173333.33
240,4,38500000000,1283333.33
90,2,5500000000,183333.33
117,2,12500000000,416666.67
142,3,7550000000,251666.67
55,1,1950000000,65000
85,2,3300000000,110000
162,3,16300000000,543333.33
100,2,6500000000,216666.67
165,3,12400000000,413333.33
150,3,15000000000,500000
83,2,1450000000,48333.33
200,3,10000000000,333333.33
95,2,6700000000,223333.33
82,2,2350000000,78333.33
112,3,5600000000,186666.67
96,2,3900000000,130000
86,3,425000000,14166.67
105,2,940000000,31333.33
115,2,3280000000,109333.33
87,2,3000000000,100000
165,3,11500000000,383333.33
135,3,7425000000,247500
110,2,3670000000,122333.33
80,2,3500000000,116666.67
66,2,1800000000,60000
88,2,1550000000,51666.67
70,1,870000000,29000
130,3,5600000000,186666.67
87,2,3000000000,100000
86,2,4500000000,150000
62,1,2400000000,80000
125,3,6300000000,210000
87,2,725000000,24166.67
70,2,2000000000,66666.67
65,2,2700000000,90000
64,2,2100000000,70000
62,2,2200000000,73333.33
70,2,2500000000,83333.33
140,3,8000000000,266666.67
125,3,7100000000,236666.67
68,2,2100000000,70000
67,2,2200000000,73333.33
64,2,2050000000,68333.33
64,2,1500000000,50000
95,2,3900000000,130000
97,2,770000000,25666.67
136,3,4300000000,143333.33
70,1,2400000000,80000
85,2,1507000000,50233.33
105,2,950000000,31666.67
50,1,1900000000,63333.33
57,1,2750000000,91666.67
121,3,610000000,20333.33
95,2,3300000000,110000
65,2,2380000000,79333.33
100,2,2000000000,66666.67
128,3,3950000000,131666.67
93,2,6000000000,200000
75,2,1275000000,42500
133,4,4700000000,156666.67
100,2,4450000000,148333.33
140,3,4800000000,160000
92,2,3570000000,119000
120,2,4500000000,150000
45,1,1030000000,34333.33
130,2,6890000000,229666.67
95,2,2185000000,72833.33
150,3,10500000000,350000
72,2,1206000000,40200
60,1,3350000000,111666.67
190,3,12000000000,400000
125,2,9750000000,325000
90,2,3420000000,114000
105,2,4100000000,136666.67
90,2,2850000000,95000
102,2,5600000000,186666.67
50,1,1500000000,50000
66,2,2250000000,75000
125,3,8750000000,291666.67
132,3,2050000000,68333.33
103,2,4300000000,143333.33
270,5,13500000000,450000
130,2,4180000000,139333.33
77,2,2020000000,67333.33
71,1,2300000000,76666.67
160,3,8320000000,277333.33
110,2,3410000000,113666.67
75,2,1980000000,66000
75,2,2400000000,80000
85,2,4500000000,150000
225,3,15750000000,525000
130,3,8500000000,283333.33
73,2,1679000000,55966.67
95,2,5500000000,183333.33
250,4,35000000000,1166666.67
65,2,1750000000,58333.33
64,2,2090000000,69666.67
94,2,4130000000,137666.67
110,2,375000000,12500
105,2,550000000,18333.33
145,3,9000000000,300000
105,2,875000000,29166.67
120,2,12000000000,400000
100,2,3100000000,103333.33
115,2,3800000000,126666.67
100,2,3300000000,110000
63,1,1280000000,42666.67
55,1,1900000000,63333.33
220,3,15400000000,513333.33
123,3,3300000000,110000
81,2,1420000000,47333.33
130,3,2800000000,93333.33
108,2,7700000000,256666.67
135,3,2950000000,98333.33
82,2,3500000000,116666.67
120,2,4250000000,141666.67
303,3,30000000000,1000000
200,3,18000000000,600000
50,1,1850000000,61666.67
80,2,3550000000,118333.33
100,2,1100000000,36666.67
85,2,2380000000,79333.33
44,1,1390000000,46333.33
115,2,8200000000,273333.33
75,2,2930000000,97666.67
65,1,2220000000,74000
86,2,3480000000,116000
106,2,5700000000,190000
203,3,36000000000,1200000
92,2,2700000000,90000
62,1,2170000000,72333.33
92,2,6700000000,223333.33
180,3,9900000000,330000
85,2,3150000000,105000
60,1,3300000000,110000
100,2,3400000000,113333.33
100,2,5100000000,170000
121,2,7500000000,250000
63,1,5600000000,186666.67
98,2,4400000000,146666.67
67,2,3500000000,116666.67
87,2,2830000000,94333.33
115,3,5300000000,176666.67
49,1,2300000000,76666.67
40,0,650000000,21666.67
130,3,8000000000,266666.67
144,3,8000000000,266666.67
66,2,1585000000,52833.33
53,1,2430000000,81000
88,2,3400000000,113333.33
105,2,3900000000,130000
90,2,6560000000,218666.67
125,2,11250000000,375000
75,2,2150000000,71666.67
170,3,17000000000,566666.67
204,3,32640000000,1088000
95,2,3600000000,120000
54,1,500000000,16666.67
98,2,3220000000,107333.33
90,2,3600000000,120000
97,2,3800000000,126666.67
71,2,2530000000,84333.33
150,3,12000000000,400000
116,3,8100000000,270000
120,2,8600000000,286666.67
79,2,2400000000,80000
79,2,3100000000,103333.33
135,2,10000000000,333333.33
110,2,3950000000,131666.67
75,2,1890000000,63000
110,3,4700000000,156666.67
87,2,3800000000,126666.67
75,2,3750000000,125000
108,2,3950000000,131666.67
110,2,5700000000,190000
100,2,5100000000,170000
63,1,1280000000,42666.67
140,3,9200000000,306666.67
72,2,2113000000,70433.33
73,2,2108000000,70266.67
145,3,12325000000,410833.33
75,2,2385000000,79500
92,2,6300000000,210000
80,2,2220000000,74000
127,2,8890000000,296333.33
66,2,1585000000,52833.33
74,2,3920000000,130666.67
105,3,1260000000,42000
112,3,1400000000,46666.67
120,2,7500000000,250000
123,3,500000000,16666.67
140,3,10000000000,333333.33
63,1,3500000000,116666.67
56,1,1950000000,65000
105,2,4350000000,145000
97,2,5000000000,166666.67
140,3,9200000000,306666.67
60,2,1650000000,55000
100,2,500000000,16666.67
54,1,2000000000,66666.67
90,2,6000000000,200000
92,2,3950000000,131666.67
65,2,1900000000,63333.33
76,2,896000000,29866.67
72,2,2600000000,86666.67
135,3,11500000000,383333.33
54,1,2000000000,66666.67
87,2,500000000,16666.67
255,3,26000000000,866666.67
100,2,4300000000,143333.33
194,2,19845000000,661500
600,2,9150000000,305000
160,3,13500000000,450000
98,2,6958000000,231933.33
133,3,1600000000,53333.33
108,2,5616000000,187200
76,2,2800000000,93333.33
73,2,1230000000,41000
76,2,3150000000,105000
80,2,3680000000,122666.67
92,2,6600000000,220000
130,2,8500000000,283333.33
71,2,1640000000,54666.67
56,1,1900000000,63333.33
105,2,890000000,29666.67
110,2,3750000000,125000
93,2,4370000000,145666.67
179,3,9645000000,321500
100,2,6200000000,206666.67
110,3,5200000000,173333.33
98,2,4850000000,161666.67
101,2,5550000000,185000
105,2,800000000,26666.67
157,3,9850000000,328333.33
180,3,9900000000,330000
90,2,1620000000,54000
97,2,760000000,25333.33
120,3,1272000000,42400
303,4,48000000000,1600000
60,1,3250000000,108333.33
245,5,14500000000,483333.33
100,2,790000000,26333.33
185,3,10750000000,358333.33
62,2,3500000000,116666.67
79,2,2999000000,99966.67
400,5,56000000000,1866666.67
200,3,5000000000,166666.67
105,2,860000000,28666.67
128,3,5700000000,190000
115,3,6670000000,222333.33
377,4,31668000000,1055600
77,2,2400000000,80000
190,3,11400000000,380000
65,1,1880000000,62666.67
97,2,4700000000,156666.67
130,3,7800000000,260000
133,3,8600000000,286666.67
143,3,4400000000,146666.67
76,2,4150000000,138333.33
155,3,5000000000,166666.67
97,2,760000000,25333.33
96,2,4200000000,140000
190,3,14000000000,466666.67
147,3,9100000000,303333.33
85,2,2800000000,93333.33
76,2,3600000000,120000
103,2,7000000000,233333.33
194,3,19858000000,661933.33
95,2,6200000000,206666.67
79,2,3200000000,106666.67
83,2,705500000,23516.67
70,2,2500000000,83333.33
87,2,4600000000,153333.33
87,2,500000000,16666.67
84,3,1554000000,51800
91,2,3100000000,103333.33
145,2,12000000000,400000
68,2,2450000000,81666.67
127,3,5588000000,186266.67
68,1,3100000000,103333.33
105,2,539000000,17966.67
89,2,3190000000,106333.33
82,2,2600000000,86666.67
65,1,2250000000,75000
80,2,4900000000,163333.33
145,3,14500000000,483333.33
235,3,20000000000,666666.67
192,3,33490000000,1116333.33
160,3,13120000000,437333.33
160,3,18400000000,613333.33
106,2,800000000,26666.67
75,2,620000000,20666.67
100,2,800000000,26666.67
58,1,2850000000,95000
97,2,770000000,25666.67
44,1,790000000,26333.33
108,2,9000000000,300000
87,2,550000000,18333.33
231,3,43197000000,1439900
120,3,1750000000,58333.33
103,2,5700000000,190000
78,2,455000000,15166.67
85,2,7200000000,240000
195,3,19500000000,650000
142,3,5500000000,183333.33
90,2,1315000000,43833.33
85,2,7300000000,243333.33
350,4,80500000000,2683333.33
210,4,21000000000,700000
87,2,890000000,29666.67
85,2,4400000000,146666.67
92,2,3990000000,133000
90,2,4150000000,138333.33
87,2,3050000000,101666.67
108,2,3450000000,115000
85,2,3400000000,113333.33
68,2,2200000000,73333.33
138,2,17250000000,575000
78,2,210000000,7000
94,2,1712000000,57066.67
168,3,16000000000,533333.33
100,2,6200000000,206666.67
100,2,6300000000,210000
44,1,1030000000,34333.33
300,3,27000000000,900000
280,4,30800000000,1026666.67
65,2,2760000000,92000
180,3,13500000000,450000
176,2,2800000000,93333.33
83,2,3859000000,128633.33
300,4,37000000000,1233333.33
68,2,1380000000,46000
220,3,35000000000,1166666.67
140,3,1484000000,49466.67
290,4,36000000000,1200000
75,2,862500000,28750
133,3,8000000000,266666.67
87,2,5655000000,188500
60,2,1500000000,50000
110,2,535000000,17833.33
149,3,8642000000,288066.67
238,3,42840000000,1428000
90,2,3500000000,116666.67
100,2,1850000000,61666.67
94,2,4512000000,150400
80,2,3360000000,112000
55,2,1280000000,42666.67
114,3,6800000000,226666.67
75,2,1890000000,63000
146,3,7600000000,253333.33
70,2,2280000000,76000
86,2,4730000000,157666.67
69,1,2100000000,70000
60,1,3300000000,110000
101,2,3500000000,116666.67
97,2,2300000000,76666.67
105,2,3570000000,119000
110,2,12500000000,416666.67
75,2,2700000000,90000
110,2,6490000000,216333.33
149,3,9238000000,307933.33
105,2,5000000000,166666.67
110,2,3500000000,116666.67
69,2,1800000000,60000
190,3,13000000000,433333.33
160,2,8600000000,286666.67
67,2,2000000000,66666.67
121,2,5500000000,183333.33
105,2,7350000000,245000
83,2,2400000000,80000
62,1,1380000000,46000
55,1,1750000000,58333.33
88,2,2450000000,81666.67
86,2,3000000000,100000
62,1,2250000000,75000
65,1,3100000000,103333.33
135,2,14850000000,495000
226,4,17000000000,566666.67
70,2,2030000000,67666.67
85,1,7100000000,236666.67
170,3,9350000000,311666.67
170,3,14000000000,466666.67
574,5,60000000000,2000000
360,4,38000000000,1266666.67
120,2,7300000000,243333.33
120,3,6660000000,222000
97,2,2330000000,77666.67
150,3,11456000000,381866.67
140,2,10500000000,350000
85,2,3300000000,110000
240,3,46000000000,1533333.33
120,3,670000000,22333.33
100,2,4700000000,156666.67
105,3,3400000000,113333.33
75,2,2980000000,99333.33
51,1,1380000000,46000
89,2,4100000000,136666.67
130,3,10500000000,350000
140,2,10000000000,333333.33
100,2,5650000000,188333.33
290,3,37000000000,1233333.33
290,4,34000000000,1133333.33
200,3,35000000000,1166666.67
200,3,34800000000,1160000
450,3,3850000000,128333.33
37,1,355000000,11833.33
140,3,8900000000,296666.67
150,3,5400000000,180000
465,2,3300000000,110000
160,3,9800000000,326666.67
403,5,13000000000,433333.33
165,2,1200000000,40000
405,5,11000000000,366666.67
400,5,11000000000,366666.67
87,2,550000000,18333.33
88,2,3100000000,103333.33
145,3,9000000000,300000
86,2,2924000000,97466.67
350,3,1000000000,33333.33
200,3,12000000000,400000
115,3,12650000000,421666.67
90,2,7000000000,233333.33
107,3,6420000000,214000
84,2,2688000000,89600
112,2,480000000,16000
114,2,3690000000,123000
120,3,650000000,21666.67
113,2,3800000000,126666.67
84,2,3100000000,103333.33
45,1,1580000000,52666.67
53,1,1920000000,64000
155,2,1900000000,63333.33
56,1,2450000000,81666.67
67,2,2380000000,79333.33
79,2,2600000000,86666.67
65,1,4225000000,140833.33
113,2,1550000000,51666.67
54,1,3500000000,116666.67
170,3,15700000000,523333.33
42,1,1050000000,35000
160,3,910000000,30333.33
56,1,2850000000,95000
75,2,1000000000,33333.33
80,2,750000000,25000
41,1,2530000000,84333.33
117,2,1580000000,52666.67
88,2,5600000000,186666.67
114,2,6700000000,223333.33
75,2,735000000,24500
160,3,3000000000,100000
87,2,5600000000,186666.67
104,2,3400000000,113333.33
90,2,665000000,22166.67
120,2,1800000000,60000
88,2,760000000,25333.33
76,2,3000000000,100000
85,2,3600000000,120000
71,2,2600000000,86666.67
200,3,14950000000,498333.33
104,2,4200000000,140000
165,3,20000000000,666666.67
82,2,3800000000,126666.67
115,2,8300000000,276666.67
350,5,35000000000,1166666.67
106,2,4500000000,150000
40,1,880000000,29333.33
130,2,12000000000,400000
46,1,750000000,25000
121,2,4840000000,161333.33
80,2,1500000000,50000
154,3,4000000000,133333.33
60,1,1020000000,34000
68,2,2300000000,76666.67
89,2,1100000000,36666.67
70,2,1600000000,53333.33
45,1,1300000000,43333.33
113,2,5080000000,169333.33
85,2,4200000000,140000
42,1,975000000,32500
108,2,4300000000,143333.33
82,2,2900000000,96666.67
76,2,4250000000,141666.67
68,2,2200000000,73333.33
79,2,3250000000,108333.33
71,2,2700000000,90000
73,2,3550000000,118333.33
89,2,1610000000,53666.67
85,2,2750000000,91666.67
96,2,3950000000,131666.67
95,2,1200000000,40000
60,2,2050000000,68333.33
88,2,485000000,16166.67
145,3,1450000000,48333.33
75,2,250000000,8333.33
145,3,7850000000,261666.67
105,3,2910000000,97000
100,2,2000000000,66666.67
67,2,2120000000,70666.67
78,2,2250000000,75000
125,2,12500000000,416666.67
91,2,3350000000,111666.67
195,3,19000000000,633333.33
87,2,585000000,19500
99,2,4200000000,140000
113,2,5100000000,170000
100,2,4300000000,143333.33
200,3,24000000000,800000
106,2,560000000,18666.67
105,2,3750000000,125000
228,3,20292000000,676400
75,2,3650000000,121666.67
84,3,3050000000,101666.67
90,2,3150000000,105000
66,2,1580000000,52666.67
130,3,7800000000,260000
101,2,4700000000,156666.67
103,2,3220000000,107333.33
60,2,1450000000,48333.33
123,2,360000000,12000
70,2,2700000000,90000
177,3,21700000000,723333.33
230,3,22000000000,733333.33
105,2,540000000,18000
87,2,810000000,27000
104,2,590000000,19666.67
105,2,555000000,18500
310,3,45500000000,1516666.67
108,2,4550000000,151666.67
105,2,540000000,18000
75,2,2750000000,91666.67
108,2,4130000000,137666.67
105,2,550000000,18333.33
116,2,5050000000,168333.33
43,1,1800000000,60000
64,2,920000000,30666.67
48,1,1048000000,34933.33
134,3,1100000000,36666.67
134,3,1100000000,36666.67
100,2,650000000,21666.67
230,3,20700000000,690000
238,3,46900000000,1563333.33
48,1,995000000,33166.67
270,5,14500000000,483333.33
105,2,1100000000,36666.67
105,2,550000000,18333.33
86,2,780000000,26000
130,3,6760000000,225333.33
87,2,960000000,32000
80,2,1200000000,40000
112,2,5600000000,186666.67
120,2,1800000000,60000
125,2,2100000000,70000
100,2,3100000000,103333.33
100,2,2600000000,86666.67
123,3,5600000000,186666.67
100,2,4000000000,133333.33
88,2,2980000000,99333.33
87,2,720000000,24000
66,2,1580000000,52666.67
85,2,730000000,24333.33
84,2,2600000000,86666.67
110,2,5700000000,190000
170,3,22100000000,736666.67
220,3,19800000000,660000
101,2,5500000000,183333.33
100,2,6800000000,226666.67
193,3,13000000000,433333.33
45,1,395000000,13166.67
86,2,2050000000,68333.33
138,3,1690000000,56333.33
100,2,2000000000,66666.67
55,1,4000000000,133333.33
100,2,8200000000,273333.33
108,2,3024000000,100800
94,2,8350000000,278333.33
101,2,8800000000,293333.33
101,2,8500000000,283333.33
99,1,8400000000,280000
97,2,7500000000,250000
8400000000,2,8700000000,290000
126,2,11500000000,383333.33
105,2,525000000,17500
101,2,3345000000,111500
100,2,8300000000,276666.67
90,2,990000000,33000
146,3,10800000000,360000
90,3,2550000000,85000
60,2,1680000000,56000
130,3,14300000000,476666.67
85,2,2700000000,90000
80,1,560000000,18666.67
132,3,9900000000,330000
115,2,4600000000,153333.33
70,2,1550000000,51666.67
145,3,3900000000,130000
88,2,2980000000,99333.33
54,1,830000000,27666.67
65,2,1650000000,55000
70,1,2000000000,66666.67
63,1,1380000000,46000
190,3,13000000000,433333.33
57,1,1200000000,40000
144,3,12000000000,400000
85,2,3450000000,115000
65,2,2000000000,66666.67
88,3,520000000,17333.33
74,2,4100000000,136666.67
76,2,365000000,12166.67
88,2,580000000,19333.33
49,1,2694000000,89800
287,5,57500000000,1916666.67
95,2,3900000000,130000
65,1,1690000000,56333.33
86,2,5580000000,186000
86,2,5500000000,183333.33
90,2,690000000,23000
62,2,3300000000,110000
157,3,13600000000,453333.33
90,2,690000000,23000
190,3,15500000000,516666.67
90,2,1315000000,43833.33
150,3,11000000000,366666.67
70,2,735000000,24500
91,2,3000000000,100000
155,3,14700000000,490000
245,3,21560000000,718666.67
120,2,5000000000,166666.67
150,2,13000000000,433333.33
65,2,2250000000,75000
106,2,3900000000,130000
100,2,8400000000,280000
125,2,11000000000,366666.67
57,1,1890000000,63000
160,3,16800000000,560000
43,1,1200000000,40000
115,3,3500000000,116666.67
80,2,2900000000,96666.67
93,2,4600000000,153333.33
65,2,2050000000,68333.33
90,2,3000000000,100000
200,2,2000000000,66666.67
135,3,9000000000,300000
63,2,1340000000,44666.67
53,1,1500000000,50000
50,1,810000000,27000
72,2,1615000000,53833.33
148,3,12500000000,416666.67
80,2,2480000000,82666.67
60,2,950000000,31666.67
102,2,9898000000,329933.33
95,2,5500000000,183333.33
83,2,1700000000,56666.67
95,2,8300000000,276666.67
83,2,2300000000,76666.67
60,1,875000000,29166.67
65,2,1400000000,46666.67
90,2,8200000000,273333.33
200,3,14000000000,466666.67
53,1,1420000000,47333.33
43,1,1250000000,41666.67
97,2,3880000000,129333.33
42,1,960000000,32000
120,2,3880000000,129333.33
97,2,3580000000,119333.33
97,2,3500000000,116666.67
90,2,3280000000,109333.33
97,2,3600000000,120000
90,2,3680000000,122666.67
198,3,13500000000,450000
929,5,80000000000,2666666.67
90,2,4680000000,156000
150,3,9400000000,313333.33
136,3,6200000000,206666.67
120,2,4100000000,136666.67
90,2,3520000000,117333.33
550,3,4500000000,150000
50,1,2500000000,83333.33
90,2,6000000000,200000
55,1,2300000000,76666.67
75,2,2350000000,78333.33
47,1,2100000000,70000
65,2,2250000000,75000
420,4,92400000000,3080000
124,3,5950000000,198333.33
86,2,4250000000,141666.67
70,1,3100000000,103333.33
181,3,13600000000,453333.33
68,2,2230000000,74333.33
85,2,1250000000,41666.67
67,2,2600000000,86666.67
72,1,4500000000,150000
145,3,6150000000,205000
116,2,9860000000,328666.67
65,1,2700000000,90000
125,2,9300000000,310000
143,3,11200000000,373333.33
150,3,14800000000,493333.33
88,2,2560000000,85333.33
380,4,50000000000,1666666.67
95,2,2990000000,99666.67
58,1,2850000000,95000
190,3,25000000000,833333.33
120,2,7700000000,256666.67
130,3,7500000000,250000
85,2,2800000000,93333.33
100,2,1100000000,36666.67
115,2,9500000000,316666.67
76,2,2480000000,82666.67
125,2,6000000000,200000
110,2,3900000000,130000
96,2,4150000000,138333.33
75,2,1250000000,41666.67
105,2,4300000000,143333.33
160,3,7000000000,233333.33
76,2,1800000000,60000
290,4,15950000000,531666.67
110,2,5550000000,185000
198,4,5200000000,173333.33
105,2,1930000000,64333.33
90,2,1098000000,36600
63,1,882000000,29400
100,2,3600000000,120000
117,3,1990000000,66333.33
91,2,1640000000,54666.67
60,1,780000000,26000
110,2,2530000000,84333.33
96,2,2990000000,99666.67
113,2,4300000000,143333.33
60,1,295000000,9833.33
74,2,2800000000,93333.33
155,3,9800000000,326666.67
125,2,3900000000,130000
49,1,3150000000,105000
148,3,12580000000,419333.33
134,3,2950000000,98333.33
90,2,3600000000,120000
110,1,4450000000,148333.33
115,2,5405000000,180166.67
90,2,5300000000,176666.67
95,2,4300000000,143333.33
105,2,750000000,25000
63,2,1638000000,54600
185,3,13000000000,433333.33
250,3,40000000000,1333333.33
88,2,3850000000,128333.33
95,2,4300000000,143333.33
108,2,6400000000,213333.33
90,2,3780000000,126000
160,3,9600000000,320000
78,2,425000000,14166.67
120,3,590000000,19666.67
158,3,11060000000,368666.67
56,1,2250000000,75000
155,3,13175000000,439166.67
100,2,5700000000,190000
182,3,11500000000,383333.33
63,2,2250000000,75000
60,1,875000000,29166.67
125,2,1030000000,34333.33
53,1,395000000,13166.67
150,3,9500000000,316666.67
62,2,2200000000,73333.33
113,2,6000000000,200000
93,2,650000000,21666.67
84,2,2150000000,71666.67
83,2,2200000000,73333.33
150,3,13000000000,433333.33
147,3,9600000000,320000
75,2,5500000000,183333.33
119,2,4700000000,156666.67
105,2,4800000000,160000
70,2,4830000000,161000
115,2,6300000000,210000
179,3,8055000000,268500
86,2,3600000000,120000
70,1,3650000000,121666.67
48,1,1750000000,58333.33
70,2,1250000000,41666.67
102,2,6120000000,204000
85,2,470000000,15666.67
72,2,2400000000,80000
120,2,1050000000,35000
180,3,14500000000,483333.33
138,3,9300000000,310000
87,2,960000000,32000
705,5,91000000000,3033333.33
200,3,16000000000,533333.33
87,2,570000000,19000
75,2,3350000000,111666.67
66,2,1580000000,52666.67
57,1,2900000000,96666.67
62,1,2650000000,88333.33
65,2,3100000000,103333.33
70,1,3300000000,110000
65,1,2800000000,93333.33
100,2,2800000000,93333.33
210,3,16400000000,546666.67
110,2,8900000000,296666.67
68,2,2900000000,96666.67
101,2,5555000000,185166.67
85,2,5000000000,166666.67
165,3,10500000000,350000
300,4,30000000000,1000000
245,3,19000000000,633333.33
105,2,1000000000,33333.33
135,2,8800000000,293333.33
130,3,9300000000,310000
83,2,4600000000,153333.33
60,1,4650000000,155000
52,1,2750000000,91666.67
60,2,2850000000,95000
60,2,2850000000,95000
70,2,3000000000,100000
140,3,11200000000,373333.33
120,2,6800000000,226666.67
62,1,510000000,17000
70,2,2600000000,86666.67
150,3,9500000000,316666.67
69,2,1850000000,61666.67
97,2,770000000,25666.67
70,1,2600000000,86666.67
100,2,2300000000,76666.67
75,2,2500000000,83333.33
103,2,3150000000,105000
85,2,2650000000,88333.33
150,3,10500000000,350000
66,2,4250000000,141666.67
106,2,800000000,26666.67
101,2,3300000000,110000
290,4,27000000000,900000
106,2,6000000000,200000
107,3,2970000000,99000
122,2,3900000000,130000
195,3,19500000000,650000
98,2,3200000000,106666.67
105,2,700000000,23333.33
98,2,770000000,25666.67
200,3,16000000000,533333.33
400,4,63000000000,2100000
110,2,8300000000,276666.67
95,2,2950000000,98333.33
60,1,2400000000,80000
76,2,345000000,11500
222,3,19800000000,660000
120,2,6000000000,200000
90,2,6000000000,200000
270,3,26500000000,883333.33
110,2,3580000000,119333.33
84,2,982000000,32733.33
76,2,870000000,29000
75,2,400000000,13333.33
170,4,3060000000,102000
92,2,930000000,31000
122,3,850000000,28333.33
170,3,7800000000,260000
147,3,8350000000,278333.33
47,1,850000000,28333.33
100,2,6000000000,200000
180,3,13500000000,450000
90,2,3150000000,105000
180,3,13500000000,450000
80,2,2550000000,85000
59,1,1600000000,53333.33
87,2,850000000,28333.33
50,1,1000000000,33333.33
123,3,7400000000,246666.67
56,1,2200000000,73333.33
105,2,945000000,31500
57,1,1750000000,58333.33
78,2,3500000000,116666.67
92,2,3880000000,129333.33
100,2,1050000000,35000
152,3,9800000000,326666.67
155,3,9000000000,300000
115,3,3870000000,129000
145,3,11000000000,366666.67
115,2,5400000000,180000
60,1,2190000000,73000
160,3,10200000000,340000
101,2,5150000000,171666.67
98,2,3600000000,120000
92,2,3870000000,129000
90,2,3880000000,129333.33
150,3,7200000000,240000
106,2,2960000000,98666.67
135,3,4200000000,140000
105,2,890000000,29666.67
209,3,13000000000,433333.33
115,2,3600000000,120000
110,2,3950000000,131666.67
90,2,3150000000,105000
190,3,24000000000,800000
54,1,2000000000,66666.67
133,3,13300000000,443333.33
200,3,27000000000,900000
220,3,33600000000,1120000
130,3,8700000000,290000
123,3,3450000000,115000
105,2,4100000000,136666.67
103,3,4128000000,137600
105,2,710000000,23666.67
161,3,6400000000,213333.33
115,3,1600000000,53333.33
85,2,3100000000,103333.33
50,2,1820000000,60666.67
160,3,6700000000,223333.33
232,3,23000000000,766666.67
98,2,3220000000,107333.33
117,2,3880000000,129333.33
77,2,3400000000,113333.33
100,2,3950000000,131666.67
85,2,2950000000,98333.33
145,3,11000000000,366666.67
127,3,4480000000,149333.33
79,2,2950000000,98333.33
120,2,11000000000,366666.67
173,3,11000000000,366666.67
195,3,17280000000,576000
66,2,2270000000,75666.67
100,2,8000000000,266666.67
140,3,11150000000,371666.67
93,2,1300000000,43333.33
80,2,4250000000,141666.67
119,2,5400000000,180000
100,2,6500000000,216666.67
115,2,3840000000,128000
52,1,3700000000,123333.33
136,3,1360000000,45333.33
95,2,5000000000,166666.67
83,3,3100000000,103333.33
100,2,1700000000,56666.67
70,2,2550000000,85000
73,2,2580000000,86000
70,2,2000000000,66666.67
105,2,500000000,16666.67
69,2,2050000000,68333.33
87,2,530000000,17666.67
66,1,720000000,24000
98,2,1000000000,33333.33
64,2,1980000000,66000
65,2,2000000000,66666.67
85,2,3350000000,111666.67
85,2,4500000000,150000
93,2,5600000000,186666.67
155,3,9000000000,300000
450,2,4500000000,150000
117,3,6800000000,226666.67
85,2,640000000,21333.33
500,4,20000000000,666666.67
900,3,8500000000,283333.33
60,1,875000000,29166.67
60,1,870000000,29000
58,2,1200000000,40000
118,2,960000000,32000
98,2,8700000000,290000
60,1,2100000000,70000
85,2,7400000000,246666.67
110,2,5000000000,166666.67
190,3,12000000000,400000
235,3,24000000000,800000
150,3,14500000000,483333.33
197,3,13300000000,443333.33
153,2,13300000000,443333.33
99,2,4900000000,163333.33
195,3,19900000000,663333.33
125,2,11600000000,386666.67
85,2,7300000000,243333.33
103,2,6640000000,221333.33
235,3,25500000000,850000
107,2,13200000000,440000
195,3,19500000000,650000
170,3,14500000000,483333.33
153,3,13000000000,433333.33
90,2,2650000000,88333.33
88,2,7600000000,253333.33
100,2,8500000000,283333.33
100,2,6500000000,216666.67
203,3,13800000000,460000
200,3,13300000000,443333.33
200,3,13700000000,456666.67
116,3,8000000000,266666.67
202,3,13300000000,443333.33
202,3,13200000000,440000
61,1,1318000000,43933.33
70,2,1550000000,51666.67
62,2,1400000000,46666.67
200,3,13300000000,443333.33
120,3,3950000000,131666.67
87,2,4780000000,159333.33
200,3,13400000000,446666.67
80,2,500000000,16666.67
202,3,13500000000,450000
57,1,1320000000,44000
202,3,13700000000,456666.67
84,2,2250000000,75000
202,3,14700000000,490000
93,2,5600000000,186666.67
85,2,8000000000,266666.67
100,2,7400000000,246666.67
153,2,10500000000,350000
122,3,8000000000,266666.67
150,2,10500000000,350000
56,2,1500000000,50000
150,2,10500000000,350000
202,3,14300000000,476666.67
201,3,14200000000,473333.33
140,3,2590000000,86333.33
200,3,14000000000,466666.67
67,2,1500000000,50000
86,2,7200000000,240000
120,3,3950000000,131666.67
84,2,7400000000,246666.67
86,2,3800000000,126666.67
85,2,7300000000,243333.33
67,2,2300000000,76666.67
90,2,4800000000,160000
83,2,7300000000,243333.33
70,2,1730000000,57666.67
88,2,1135200000,37840
167,3,11000000000,366666.67
100,2,650000000,21666.67
100,2,1000000000,33333.33
60,2,2300000000,76666.67
155,3,11000000000,366666.67
76,2,1850000000,61666.67
90,2,900000000,30000
65,1,535000000,17833.33
80,2,680000000,22666.67
135,2,8700000000,290000
94,2,950000000,31666.67
110,2,8200000000,273333.33
115,3,6900000000,230000
170,3,11200000000,373333.33
115,3,6900000000,230000
60,1,900000000,30000
105,2,5800000000,193333.33
61,2,1040000000,34666.67
100,2,6000000000,200000
145,3,4600000000,153333.33
87,2,479000000,15966.67
87,2,496000000,16533.33
115,3,6500000000,216666.67
85,2,690000000,23000
67,2,2280000000,76000
94,2,2280000000,76000
90,2,3200000000,106666.67
94,2,3000000000,100000
99,2,4150000000,138333.33
86,2,890000000,29666.67
60,2,2650000000,88333.33
58,1,3400000000,113333.33
76,2,2850000000,95000
57,1,2400000000,80000
81,2,3300000000,110000
112,3,3600000000,120000
75,2,3500000000,116666.67
153,3,7500000000,250000
95,2,5100000000,170000
101,2,6565000000,218833.33
40,0,165000000,5500
88,2,2860000000,95333.33
141,3,3810000000,127000
140,3,1790000000,59666.67
120,2,1530000000,51000
66,2,1000000000,33333.33
70,2,3500000000,116666.67
75,2,3000000000,100000
70,2,1800000000,60000
150,3,20000000000,666666.67
95,2,950000000,31666.67
65,2,1450000000,48333.33
88,3,475000000,15833.33
113,3,6000000000,200000
50,1,360000000,12000
45,1,1200000000,40000
53,1,1350000000,45000
100,2,1800000000,60000
50,1,500000000,16666.67
43,0,360000000,12000
85,2,765000000,25500
134,3,6400000000,213333.33
90,2,3000000000,100000
90,2,1260000000,42000
135,2,2200000000,73333.33
130,3,5850000000,195000
55,1,550000000,18333.33
200,5,12000000000,400000
107,2,800000000,26666.67
150,2,1270000000,42333.33
56,1,1200000000,40000
160,3,4500000000,150000
138,3,3584000000,119466.67
125,3,3750000000,125000
83,2,2510000000,83666.67
131,3,5850000000,195000
115,2,4870000000,162333.33
50,1,650000000,21666.67
91,2,3600000000,120000
80,2,3395000000,113166.67
40,1,720000000,24000
68,2,2150000000,71666.67
110,2,3920000000,130666.67
63,1,730000000,24333.33
50,1,830000000,27666.67
110,2,5550000000,185000
95,2,2920000000,97333.33
65,2,2250000000,75000
108,2,3024000000,100800
62,2,930000000,31000
37,1,830000000,27666.67
105,2,3650000000,121666.67
41,1,770000000,25666.67
85,2,4600000000,153333.33
150,3,12350000000,411666.67
83,2,2800000000,93333.33
174,3,10000000000,333333.33
105,3,4725000000,157500
57,2,1265000000,42166.67
200,3,7000000000,233333.33
75,2,600000000,20000
87,2,900000000,30000
63,2,1260000000,42000
64,2,2240000000,74666.67
65,2,1200000000,40000
87,2,650000000,21666.67
44,1,570000000,19000
85,2,355000000,11833.33
43,1,800000000,26666.67
118,3,4900000000,163333.33
92,2,2700000000,90000
124,3,3400000000,113333.33
56,1,950000000,31666.67
40,1,870000000,29000
92,2,2970000000,99000
86,2,3330000000,111000
51,2,1850000000,61666.67
70,1,560000000,18666.67
85,2,1062000000,35400
51,1,900000000,30000
131,2,3400000000,113333.33
48,1,820000000,27333.33
84,2,773000000,25766.67
95,2,2350000000,78333.33
74,2,2960000000,98666.67
68,2,2500000000,83333.33
240,4,4800000000,160000
3600,2,9720000000,324000
44,1,770000000,25666.67
82,2,2850000000,95000
44,1,1050000000,35000
42,1,960000000,32000
63,1,4000000000,133333.33
110,2,750000000,25000
235,3,31000000000,1033333.33
500,2,3100000000,103333.33
57,1,1930000000,64333.33
170,3,1280000000,42666.67
115,2,2050000000,68333.33
68,2,2700000000,90000
62,1,620000000,20666.67
56,1,2200000000,73333.33
75,2,3110000000,103666.67
95,2,5850000000,195000
144,3,10368000000,345600
50,1,380000000,12666.67
78,2,2100000000,70000
95,2,2050000000,68333.33
90,2,1800000000,60000
95,2,4200000000,140000
350,4,72000000000,2400000
71,2,2330000000,77666.67
80,1,380000000,12666.67
44,1,1000000000,33333.33
46,1,1150000000,38333.33
78,2,2010000000,67000
67,2,1070000000,35666.67
49,1,110000000,3666.67
105,2,1200000000,40000
72,2,1290000000,43000
65,2,1220000000,40666.67
80,2,2160000000,72000
66,2,1187000000,39566.67
58,2,1210000000,40333.33
67,2,1215000000,40500
89,2,1068000000,35600
75,2,1450000000,48333.33
85,2,1440000000,48000
94,2,4300000000,143333.33
67,2,1440000000,48000
60,1,920000000,30666.67
67,1,1415000000,47166.67
65,2,1310000000,43666.67
72,2,1300000000,43333.33
62,2,1350000000,45000
37,1,999000000,33300
105,3,3550000000,118333.33
78,2,417000000,13900
53,1,450000000,15000
80,2,2450000000,81666.67
88,2,2850000000,95000
39,1,370000000,12333.33
128,2,6144000000,204800
87,2,2450000000,81666.67
48,1,830000000,27666.67
86,2,500000000,16666.67
86,2,600000000,20000
75,2,2300000000,76666.67
110,3,6160000000,205333.33
172,3,9300000000,310000
147,3,11600000000,386666.67
70,1,1540000000,51333.33
235,3,28500000000,950000
115,2,6000000000,200000
114,2,1090000000,36333.33
40,1,1380000000,46000
125,3,8450000000,281666.67
90,2,1315000000,43833.33
78,2,1794000000,59800
62,2,1440000000,48000
47,1,1050000000,35000
114,3,4900000000,163333.33
65,1,2500000000,83333.33
50,1,410000000,13666.67
125,2,1750000000,58333.33
41,1,815000000,27166.67
136,3,8200000000,273333.33
40,1,800000000,26666.67
60,2,650000000,21666.67
75,2,1750000000,58333.33
120,3,8000000000,266666.67
165,3,1000000000,33333.33
110,2,640000000,21333.33
116,2,4640000000,154666.67
115,2,4500000000,150000
77,2,460000000,15333.33
120,3,7000000000,233333.33
100,2,660000000,22000
130,3,6000000000,200000
60,1,1200000000,40000
75,2,385000000,12833.33
128,3,8500000000,283333.33
150,2,15000000000,500000
135,3,10000000000,333333.33
60,1,1200000000,40000
41,1,815000000,27166.67
113,2,9000000000,300000
52,1,665000000,22166.67
100,2,7000000000,233333.33
66,2,2650000000,88333.33
200,3,29000000000,966666.67
170,3,22100000000,736666.67
100,2,8300000000,276666.67
90,1,10000000000,333333.33
200,3,14000000000,466666.67
51,1,1250000000,41666.67
70,2,2680000000,89333.33
73,2,2200000000,73333.33
245,2,7800000000,260000
87,2,5850000000,195000
120,2,9000000000,300000
171,3,12825000000,427500
66,2,2460000000,82000
77,2,5200000000,173333.33
40,1,1250000000,41666.67
105,2,2800000000,93333.33
50,1,3000000000,100000
94,2,3400000000,113333.33
65,2,2150000000,71666.67
57,1,750000000,25000
79,2,410000000,13666.67
60,2,650000000,21666.67
68,2,2300000000,76666.67
86,2,750000000,25000
80,2,2700000000,90000
68,2,2300000000,76666.67
43,1,1330000000,44333.33
55,1,1900000000,63333.33
77,2,2680000000,89333.33
58,1,315000000,10500
62,1,1440000000,48000
65,2,2200000000,73333.33
60,1,1530000000,51000
35,1,660000000,22000
54,1,1100000000,36666.67
70,2,2250000000,75000
122,3,6700000000,223333.33
54,1,901000000,30033.33
80,2,850000000,28333.33
71,2,1750000000,58333.33
220,4,7500000000,250000
61,1,838000000,27933.33
49,1,1078000000,35933.33
55,2,1349550000,44985
41,1,840000000,28000
64,2,1100000000,36666.67
240,4,4300000000,143333.33
32,1,610000000,20333.33
52,1,960000000,32000
50,1,640000000,21333.33
32,1,940000000,31333.33
40,1,1150000000,38333.33
73,1,1460000000,48666.67
50,1,755000000,25166.67
45,1,745000000,24833.33
65,2,1280000000,42666.67
51,1,1150000000,38333.33
300,3,24000000000,800000
100,2,2700000000,90000
55,2,1000000000,33333.33
200,2,2650000000,88333.33
38,1,1140000000,38000
140,3,9300000000,310000
42,1,640000000,21333.33
58,1,2000000000,66666.67
67,2,1200000000,40000
57,1,870000000,29000
53,2,1100000000,36666.67
95,2,8900000000,296666.67
128,3,4350000000,145000
62,2,350000000,11666.67
60,1,1130000000,37666.67
52,1,1100000000,36666.67
52,1,1150100000,38336.67
45,1,965000000,32166.67
60,1,3000000000,100000
83,2,1700000000,56666.67
211,3,15800000000,526666.67
65,2,1430000000,47666.67
115,2,1300000000,43333.33
70,2,2100000000,70000
51,1,870000000,29000
100,2,7500000000,250000
115,2,10200000000,340000
160,3,17500000000,583333.33
107,2,6500000000,216666.67
82,2,500000000,16666.67
135,2,18000000000,600000
198,3,18000000000,600000
85,2,1100000000,36666.67
92,2,3250000000,108333.33
115,2,18000000000,600000
137,3,7200000000,240000
65,1,2170000000,72333.33
175,3,22000000000,733333.33
95,2,9800000000,326666.67
225,3,38500000000,1283333.33
270,4,35000000000,1166666.67
200,3,34000000000,1133333.33
60,1,1200000000,40000
88,2,3350000000,111666.67
250,3,34000000000,1133333.33
55,1,1600000000,53333.33
91,2,2435000000,81166.67
80,2,2800000000,93333.33
74,2,440000000,14666.67
90,2,1700000000,56666.67
43,1,750000000,25000
78,2,430000000,14333.33
72,2,385000000,12833.33
100,2,1200000000,40000
110,2,4000000000,133333.33
62,1,580000000,19333.33
120,1,3150000000,105000
120,2,9000000000,300000
64,2,1790000000,59666.67
147,3,9114000000,303800
140,3,8100000000,270000
170,3,7990000000,266333.33
109,2,7100000000,236666.67
310,3,74400000000,2480000
283,3,33840000000,1128000
66,1,297000000,9900
75,2,600000000,20000
63,2,1670000000,55666.67
77,2,6200000000,206666.67
59,2,1600000000,53333.33
220,5,6500000000,216666.67
66,2,2000000000,66666.67
80,2,2450000000,81666.67
55,1,1540000000,51333.33
63,2,410000000,13666.67
92,2,4000000000,133333.33
88,2,5250000000,175000
98,2,770000000,25666.67
75,2,1980000000,66000
114,2,1100000000,36666.67
80,2,3000000000,100000
50,1,380000000,12666.67
66,2,2950000000,98333.33
102,2,650000000,21666.67
72,2,3200000000,106666.67
62,1,1860000000,62000
110,2,840000000,28000
70,2,5250000000,175000
115,2,6000000000,200000
55,1,1550000000,51666.67
71,2,1780000000,59333.33
58,1,2050000000,68333.33
125,2,1375000000,45833.33
42,1,1750000000,58333.33
66,2,2200000000,73333.33
65,1,650000000,21666.67
130,4,6200000000,206666.67
65,1,2450000000,81666.67
39,1,760000000,25333.33
60,2,1850000000,61666.67
75,2,2260000000,75333.33
70,1,1180000000,39333.33
57,2,1600000000,53333.33
39,1,800000000,26666.67
70,2,1700000000,56666.67
110,2,6500000000,216666.67
47,1,870000000,29000
114,2,6500000000,216666.67
60,1,2210000000,73666.67
115,3,1650000000,55000
110,3,5850000000,195000
78,2,2050000000,68333.33
80,2,4400000000,146666.67
78,2,420000000,14000
73,2,868000000,28933.33
95,2,1200000000,40000
63,2,1390000000,46333.33
98,2,1370000000,45666.67
105,2,1500000000,50000
50,1,1250000000,41666.67
51,1,610000000,20333.33
125,2,11250000000,375000
105,3,1155000000,38500
55,1,660000000,22000
105,2,1160000000,38666.67
105,3,1312000000,43733.33
70,2,714000000,23800
82,2,820000000,27333.33
50,1,3250000000,108333.33
105,2,760000000,25333.33
110,2,8800000000,293333.33
85,2,850000000,28333.33
78,2,3100000000,103333.33
106,2,505000000,16833.33
95,2,5700000000,190000
62,1,1530000000,51000
78,2,490000000,16333.33
225,4,20250000000,675000
72,2,2600000000,86666.67
50,1,375000000,12500
50,1,850000000,28333.33
103,2,3900000000,130000
47,1,695000000,23166.67
90,2,2000000000,66666.67
80,2,3760000000,125333.33
450,4,25000000000,833333.33
72,2,1700000000,56666.67
258,4,12000000000,400000
98,2,2630000000,87666.67
130,3,600000000,20000
700,3,4500000000,150000
104,2,900000000,30000
140,3,11000000000,366666.67
96,2,3500000000,116666.67
58,1,400000000,13333.33
150,3,4500000000,150000
55,2,1870000000,62333.33
60,1,430000000,14333.33
98,2,790000000,26333.33
85,2,670000000,22333.33
85,2,3350000000,111666.67
97,2,4700000000,156666.67
80,2,1874500000,62483.33
57,1,3600000000,120000
63,1,1200000000,40000
85,2,1957300000,65243.33
70,2,400000000,13333.33
100,2,2283900000,76130
90,2,2071150000,69038.33
75,2,365000000,12166.67
42,1,835000000,27833.33
250,4,18750000000,625000
83,2,1490000000,49666.67
90,2,605000000,20166.67
72,2,1206000000,40200
52,1,375000000,12500
106,2,2360000000,78666.67
73,2,385000000,12833.33
100,2,1850000000,61666.67
85,2,640000000,21333.33
49,1,1020000000,34000
115,2,5400000000,180000
127,2,4826000000,160866.67
93,2,3600000000,120000
47,1,295000000,9833.33
117,3,4440000000,148000
182,3,11600000000,386666.67
160,3,3000000000,100000
181,3,13000000000,433333.33
163,3,11100000000,370000
83,2,1550000000,51666.67
142,3,6465000000,215500
92,2,565000000,18833.33
100,2,900000000,30000
60,1,660000000,22000
58,1,320000000,10666.67
58,1,320000000,10666.67
85,2,650000000,21666.67
87,2,680000000,22666.67
78,2,370000000,12333.33
88,1,380000000,12666.67
210,4,23000000000,766666.67
72,2,411000000,13700
101,2,4550000000,151666.67
68,2,310000000,10333.33
60,1,660000000,22000
65,2,780000000,26000
117,2,10600000000,353333.33
96,1,1700000000,56666.67
98,2,910000000,30333.33
52,1,670000000,22333.33
85,2,3400000000,113333.33
62,2,1750000000,58333.33
74,2,420000000,14000
74,2,305000000,10166.67
58,1,255000000,8500
125,3,1650000000,55000
75,2,345000000,11500
58,5,295000000,9833.33
74,2,900000000,30000
45,1,1250000000,41666.67
58,1,275000000,9166.67
75,2,245000000,8166.67
75,2,305000000,10166.67
88,2,3500000000,116666.67
130,2,5200000000,173333.33
120,2,1620000000,54000
85,2,3300000000,110000
150,3,6800000000,226666.67
165,3,9850000000,328333.33
240,4,5700000000,190000
76,2,1990000000,66333.33
120,2,9800000000,326666.67
165,3,4125000000,137500
165,3,4125000000,137500
130,2,5200000000,173333.33
73,2,2750000000,91666.67
70,2,2750000000,91666.67
120,3,4530000000,151000
79,2,2500000000,83333.33
90,2,980000000,32666.67
128,2,950000000,31666.67
75,2,2300000000,76666.67
94,2,2650000000,88333.33
106,2,900000000,30000
72,2,2300000000,76666.67
208,2,11500000000,383333.33
126,3,7676000000,255866.67
105,2,1100000000,36666.67
216,4,5700000000,190000
92,2,3000000000,100000
80,2,1410000000,47000
130,1,8500000000,283333.33
300,4,9000000000,300000
73,2,2200000000,73333.33
100,2,700000000,23333.33
80,2,1100000000,36666.67
105,2,4550000000,151666.67
59,1,2100000000,70000
41,1,780000000,26000
85,2,5000000000,166666.67
66,1,1850000000,61666.67
90,2,6000000000,200000
78,2,405000000,13500
113,2,1520000000,50666.67
88,2,4000000000,133333.33
96,2,2850000000,95000
180,5,28800000000,960000
59,2,1070000000,35666.67
58,2,1270000000,42333.33
46,1,1013000000,33766.67
67,1,2600000000,86666.67
57,2,1090000000,36333.33
95,2,4000000000,133333.33
73,1,480000000,16000
87,2,658000000,21933.33
122,4,2420000000,80666.67
50,1,1000000000,33333.33
62,1,1020000000,34000
86,2,5400000000,180000
53,1,900000000,30000
100,2,435000000,14500
55,1,305000000,10166.67
58,1,305000000,10166.67
78,2,1000000000,33333.33
145,3,10150000000,338333.33
110,2,6000000000,200000
64,1,350000000,11666.67
86,2,1204000000,40133.33
75,2,520000000,17333.33
110,2,4550000000,151666.67
71,2,2000000000,66666.67
90,2,3750000000,125000
63,1,2153000000,71766.67
50,0,345000000,11500
85,2,730000000,24333.33
83,2,4700000000,156666.67
175,3,17500000000,583333.33
57,1,3700000000,123333.33
66,2,1750000000,58333.33
74,2,2390000000,79666.67
45,1,990000000,33000
78,2,4700000000,156666.67
75,2,280000000,9333.33
103,2,1442000000,48066.67
61,1,1800000000,60000
124,3,3900000000,130000
62,1,710000000,23666.67
110,2,7000000000,233333.33
180,3,13000000000,433333.33
40,1,260000000,8666.67
95,2,1450000000,48333.33
104,2,2200000000,73333.33
37,1,345000000,11500
60,1,600000000,20000
69,2,2600000000,86666.67
700,3,7000000000,233333.33
60,1,875000000,29166.67
95,2,9000000000,300000
51,1,670000000,22333.33
106,2,5600000000,186666.67
100,2,3200000000,106666.67
80,2,2400000000,80000
78,2,640000000,21333.33
90,2,1350000000,45000
95,2,9500000000,316666.67
86,3,330000000,11000
65,1,360000000,12000
102,1,1650000000,55000
75,2,2700000000,90000
150,5,10700000000,356666.67
60,1,390000000,13000
72,1,8250000000,275000
93,2,5500000000,183333.33
106,2,6400000000,213333.33
48,1,210000000,7000
75,2,2100000000,70000
163,2,9780000000,326000
138,3,1242000000,41400
119,2,4000000000,133333.33
65,2,2500000000,83333.33
57,1,450000000,15000
74,2,780000000,26000
119,3,5500000000,183333.33
75,2,280000000,9333.33
68,1,815000000,27166.67
180,4,2720000000,90666.67
70,1,2310000000,77000
58,1,255000000,8500
60,1,1985000000,66166.67
88,2,2500000000,83333.33
82,2,2800000000,93333.33
63,1,1134000000,37800
120,3,1750000000,58333.33
56,1,1900000000,63333.33
75,2,3850000000,128333.33
60,1,420000000,14000
50,2,330000000,11000
253,5,30360000000,1012000
111,2,3990000000,133000
105,3,5985000000,199500
92,1,6300000000,210000
350,4,35000000000,1166666.67
100,2,4100000000,136666.67
150,3,2240000000,74666.67
94,2,2400000000,80000
140,3,6700000000,223333.33
65,4,8500000000,283333.33
84,2,2600000000,86666.67
114,2,6840000000,228000
114,2,5500000000,183333.33
40,1,1500000000,50000
82,2,353000000,11766.67
87,2,2350000000,78333.33
86,2,470000000,15666.67
500,5,70000000000,2333333.33
61,1,1490000000,49666.67
96,2,5280000000,176000
90,2,3400000000,113333.33
135,3,6000000000,200000
58,1,295000000,9833.33
114,2,7550000000,251666.67
75,2,380000000,12666.67
90,2,3450000000,115000
90,2,2900000000,96666.67
90,2,2900000000,96666.67
100,2,3800000000,126666.67
82,2,1600000000,53333.33
58,2,754000000,25133.33
70,2,3200000000,106666.67
110,0,102000000,3400
303,5,33330000000,1111000
83,2,500000000,16666.67
75,2,250000000,8333.33
114,2,6840000000,228000
60,2,2100000000,70000
54,1,260000000,8666.67
85,2,675000000,22500
75,2,390000000,13000
78,2,400000000,13333.33
78,2,395000000,13166.67
95,2,4085000000,136166.67
100,2,3150000000,105000
75,2,397000000,13233.33
114,2,6840000000,228000
50,1,250000000,8333.33
75,2,2700000000,90000
105,2,2400000000,80000
141,3,2115000000,70500
74,2,1600000000,53333.33
38,1,650000000,21666.67
80,1,850000000,28333.33
102,2,938400000,31280
110,2,10640000000,354666.67
98,2,830000000,27666.67
57,1,1600000000,53333.33
45,1,890000000,29666.67
105,2,2500000000,83333.33
135,2,3500000000,116666.67
65,1,3490000000,116333.33
88,2,750000000,25000
110,2,5050000000,168333.33
63,2,2600000000,86666.67
94,2,2400000000,80000
45,1,890000000,29666.67
40,1,1000000000,33333.33
100,2,3600000000,120000
89,2,3500000000,116666.67
65,2,1330000000,44333.33
125,2,6250000000,208333.33
125,2,6250000000,208333.33
136,3,7300000000,243333.33
150,3,7600000000,253333.33
55,1,1580000000,52666.67
130,3,8450000000,281666.67
73,2,1840000000,61333.33
85,2,3600000000,120000
63,1,1380000000,46000
100,2,5700000000,190000
83,2,55000000,1833.33
110,3,3150000000,105000
71,2,2160000000,72000
37,1,570000000,19000
68,1,2100000000,70000
78,1,2450000000,81666.67
105,2,3250000000,108333.33
60,1,2000000000,66666.67
113,2,3170000000,105666.67
300,5,25000000000,833333.33
50,2,730000000,24333.33
60,1,830000000,27666.67
37,1,620000000,20666.67
33,1,560000000,18666.67
73,2,1580000000,52666.67
59,1,880000000,29333.33
95,2,1450000000,48333.33
75,2,300000000,10000
65,2,1550000000,51666.67
52,1,1250000000,41666.67
105,2,1100000000,36666.67
50,1,850000000,28333.33
74,2,2200000000,73333.33
132,3,6700000000,223333.33
104,2,4200000000,140000
50,1,715000000,23833.33
55,1,1100000000,36666.67
46,1,700000000,23333.33
55,2,1020000000,34000
108,2,1150000000,38333.33
68,2,1970000000,65666.67
130,2,1755000000,58500
2550000000,2,2550000000,85000
40,1,1050000000,35000
63,1,1350000000,45000
140,3,8000000000,266666.67
42,1,900000000,30000
90,2,3150000000,105000
39,1,550000000,18333.33
55,2,450000000,15000
200,3,14000000000,466666.67
98,2,1950000000,65000
71,2,1185000000,39500
50,1,1250000000,41666.67
53,1,1113000000,37100
60,1,2750000000,91666.67
160,3,980000000,32666.67
63,2,1890000000,63000
96,2,2400000000,80000
90,2,2300000000,76666.67
120,3,3240000000,108000
100,2,2600000000,86666.67
80,2,2440000000,81333.33
43,1,1200000000,40000
79,2,2930000000,97666.67
50,1,1200000000,40000
60,1,1120000000,37333.33
55,1,1420000000,47333.33
150,3,12000000000,400000
55,1,450000000,15000
55,1,1155000000,38500
100,2,5700000000,190000
60,1,1400000000,46666.67
96,2,5500000000,183333.33
112,2,3300000000,110000
65,2,600000000,20000
100,2,1060000000,35333.33
105,2,5600000000,186666.67
125,3,6500000000,216666.67
48,1,995000000,33166.67
67,2,2170000000,72333.33
83,2,6200000000,206666.67
150,3,3900000000,130000
100,2,3150000000,105000
111,3,3150000000,105000
53,2,1100000000,36666.67
75,2,350000000,11666.67
92,2,2300000000,76666.67
53,1,1500000000,50000
47,1,800000000,26666.67
330,3,46200000000,1540000
44,1,1040000000,34666.67
80,2,6000000000,200000
81,2,1800000000,60000
117,3,3680000000,122666.67
37,1,950000000,31666.67
82,2,360000000,12000
98,2,1950000000,65000
150,3,6000000000,200000
51,1,858500000,28616.67
95,2,3250000000,108333.33
63,1,1280000000,42666.67
80,2,390000000,13000
133,3,8400000000,280000
48,1,710000000,23666.67
185,3,9500000000,316666.67
62,1,806000000,26866.67
75,2,1200000000,40000
48,1,740000000,24666.67
57,1,1600000000,53333.33
55,3,1650000000,55000
48,1,1350000000,45000
49,1,900000000,30000
60,2,1380000000,46000
130,3,4150000000,138333.33
70,2,1820000000,60666.67
113,2,3170000000,105666.67
80,2,3000000000,100000
93,2,650000000,21666.67
60,1,870000000,29000
56,2,1550000000,51666.67
65,2,2620000000,87333.33
68,2,1320000000,44000
104,2,1830000000,61000
84,2,3850000000,128333.33
72,2,2000000000,66666.67
80,2,880000000,29333.33
68,2,1970000000,65666.67
44,1,1050000000,35000
105,2,2700000000,90000
124,3,3980000000,132666.67
220,3,20900000000,696666.67
83,2,2640000000,88000
68,2,1970000000,65666.67
115,2,4900000000,163333.33
80,2,2250000000,75000
66,1,750000000,25000
68,2,2930000000,97666.67
60,2,2550000000,85000
62,2,2250000000,75000
57,1,1600000000,53333.33
87,2,2500000000,83333.33
59,1,1950000000,65000
55,1,1450000000,48333.33
101,2,5252000000,175066.67
62,2,2100000000,70000
113,2,8475000000,282500
78,2,3500000000,116666.67
66,1,520000000,17333.33
38,1,320000000,10666.67
90,2,6300000000,210000
45,1,680000000,22666.67
72,2,4000000000,133333.33
105,2,4900000000,163333.33
155,3,5100000000,170000
112,3,4300000000,143333.33
65,1,510000000,17000
40,1,1145000000,38166.67
140,3,3800000000,126666.67
155,3,5300000000,176666.67
50,1,2200000000,73333.33
45,1,218000000,7266.67
68,1,5000000000,166666.67
85,2,430000000,14333.33
170,3,8000000000,266666.67
50,1,240000000,8000
55,1,330000000,11000
75,2,315000000,10500
96,3,1145000000,38166.67
58,1,235000000,7833.33
43,1,700000000,23333.33
58,1,255000000,8500
103,2,4000000000,133333.33
70,1,5100000000,170000
150,3,9750000000,325000
65,1,320000000,10666.67
140,2,5400000000,180000
79,2,1400000000,46666.67
97,2,2300000000,76666.67
90,2,6230000000,207666.67
175,3,8600000000,286666.67
90,2,6500000000,216666.67
58,1,3000000000,100000
100,2,5300000000,176666.67
135,2,3800000000,126666.67
185,3,16200000000,540000
50,1,1745000000,58166.67
85,2,2000000000,66666.67
110,3,4250000000,141666.67
67,2,3150000000,105000
190,3,9500000000,316666.67
95,2,6300000000,210000
55,1,1050000000,35000
75,2,550000000,18333.33
87,2,1860000000,62000
42,1,930000000,31000
80,1,4500000000,150000
102,2,5000000000,166666.67
140,3,7300000000,243333.33
120,2,6000000000,200000
212,4,36000000000,1200000
62,2,2100000000,70000
41,1,790000000,26333.33
75,2,1700000000,56666.67
57,1,990000000,33000
50,1,1500000000,50000
54,1,2820000000,94000
133,3,7500000000,250000
97,2,5600000000,186666.67
165,3,17655000000,588500
59,1,1150000000,38333.33
60,2,1450000000,48333.33
135,2,9970000000,332333.33
60,1,740000000,24666.67
52,1,4600000000,153333.33
65,1,1530000000,51000
95,2,3150000000,105000
60,1,2280000000,76000
92,2,590000000,19666.67
83,2,4900000000,163333.33
72,2,2090000000,69666.67
122,3,6000000000,200000
118,2,10300000000,343333.33
120,2,3480000000,116000
115,3,6400000000,213333.33
102,2,1225000000,40833.33
65,2,2400000000,80000
70,2,2170000000,72333.33
66,2,2620000000,87333.33
60,1,2700000000,90000
46,1,1650000000,55000
180,3,16000000000,533333.33
60,1,1900000000,63333.33
145,3,1740000000,58000
63,1,1620000000,54000
58,1,1300000000,43333.33
83,2,3200000000,106666.67
136,3,5150000000,171666.67
68,2,510000000,17000
55,1,1400000000,46666.67
600,2,4000000000,133333.33
89,2,3150000000,105000
101,2,7300000000,243333.33
85,2,2975000000,99166.67
87,3,488000000,16266.67
73,1,2200000000,73333.33
145,3,1740000000,58000
98,2,550000000,18333.33
90,2,3600000000,120000
135,3,5700000000,190000
105,2,7770000000,259000
90,2,1000000000,33333.33
71,2,2800000000,93333.33
75,2,3300000000,110000
75,2,385000000,12833.33
79,2,550000000,18333.33
345,4,17000000000,566666.67
90,2,3250000000,108333.33
48,1,800000000,26666.67
110,2,12100000000,403333.33
82,2,1890000000,63000
44,1,1650000000,55000
58,1,2500000000,83333.33
117,2,7200000000,240000
96,2,3000000000,100000
89,2,3100000000,103333.33
108,2,5100000000,170000
134,2,940000000,31333.33
70,2,2160000000,72000
64,2,2240000000,74666.67
56,3,900000000,30000
57,1,9800000000,326666.67
68,2,2200000000,73333.33
55,1,2250000000,75000
43,1,900000000,30000
105,2,3800000000,126666.67
41,2,790000000,26333.33
78,2,1350000000,45000
110,2,5700000000,190000
92,2,4100000000,136666.67
96,2,6175000000,205833.33
108,2,3500000000,116666.67
76,2,1350000000,45000
80,2,4300000000,143333.33
105,2,3150000000,105000
75,1,750000000,25000
56,2,515000000,17166.67
50,1,1200000000,40000
40,1,830000000,27666.67
46,1,940000000,31333.33
93,2,2600000000,86666.67
530,4,79500000000,2650000
98,2,1950000000,65000
62,1,2100000000,70000
100,2,3800000000,126666.67
150,3,765000000,25500
270,4,13000000000,433333.33
50,1,710000000,23666.67
130,2,9500000000,316666.67
69,2,1400000000,46666.67
66,1,600000000,20000
90,2,690000000,23000
75,2,4590000000,153000
58,1,2200000000,73333.33
300,3,17000000000,566666.67
97,2,1900000000,63333.33
98,2,750000000,25000
73,2,375000000,12500
35,1,990000000,33000
85,2,2000000000,66666.67
105,2,3500000000,116666.67
55,1,2050000000,68333.33
40,1,810000000,27000
90,2,3750000000,125000
68,2,1500000000,50000
44,1,649000000,21633.33
130,2,18200000000,606666.67
68,2,1320000000,44000
90,2,4750000000,158333.33
73,1,7500000000,250000
64,2,1900000000,63333.33
82,2,1600000000,53333.33
51,1,850000000,28333.33
43,1,725000000,24166.67
65,1,2340000000,78000
68,1,4115000000,137166.67
65,2,1750000000,58333.33
59,1,2000000000,66666.67
155,3,13000000000,433333.33
58,1,2350000000,78333.33
72,2,380000000,12666.67
56,1,668000000,22266.67
90,2,3550000000,118333.33
93,2,2880000000,96000
84,2,2400000000,80000
107,2,550000000,18333.33
150,3,12750000000,425000
120,2,2600000000,86666.67
165,3,12300000000,410000
87,2,550000000,18333.33
76,2,1990000000,66333.33
83,2,2980000000,99333.33
115,2,3900000000,130000
115,2,6200000000,206666.67
85,2,2715000000,90500
50,2,730000000,24333.33
123,2,7630000000,254333.33
630,0,75600000000,2520000
115,2,950000000,31666.67
47,1,800000000,26666.67
40,1,750000000,25000
250,3,40000000000,1333333.33
85,2,850000000,28333.33
80,2,2220000000,74000
125,2,12500000000,416666.67
750,5,3500000000,116666.67
85,2,1885000000,62833.33
170,3,11800000000,393333.33
71,2,525000000,17500
105,2,920000000,30666.67
80,1,580000000,19333.33
95,2,930000000,31000
78,2,2500000000,83333.33
110,2,4070000000,135666.67
71,2,2950000000,98333.33
65,1,3490000000,116333.33
88,2,5200000000,173333.33
135,3,7500000000,250000
50,1,810000000,27000
42,1,920000000,30666.67
171,2,11500000000,383333.33
120,3,1750000000,58333.33
60,1,18000000000,600000
45,1,800000000,26666.67
55,1,1100000000,36666.67
72,2,1350000000,45000
72,2,1860000000,62000
100,2,5600000000,186666.67
63,1,1380000000,46000
61,1,1180000000,39333.33
253,4,11385000000,379500
90,2,690000000,23000
72,2,1850000000,61666.67
98,2,4080000000,136000
145,3,7900000000,263333.33
93,2,4950000000,165000
125,3,3500000000,116666.67
60,2,1620000000,54000
120,2,7200000000,240000
118,2,320000000,10666.67
89,2,3000000000,100000
62,1,1670000000,55666.67
80,2,2950000000,98333.33
77,2,1800000000,60000
72,2,950000000,31666.67
80,2,2980000000,99333.33
62,1,875000000,29166.67
115,2,6000000000,200000
94,2,3100000000,103333.33
91,2,465000000,15500
74,2,1700000000,56666.67
92,2,3200000000,106666.67
71,1,2300000000,76666.67
92,2,3300000000,110000
42,1,1760000000,58666.67
63,2,1800000000,60000
90,2,3300000000,110000
140,3,1792000000,59733.33
63,1,800000000,26666.67
81,2,3400000000,113333.33
55,1,2150000000,71666.67
98,2,5800000000,193333.33
84,2,2410000000,80333.33
92,2,2900000000,96666.67
86,2,421000000,14033.33
56,1,1890000000,63000
74,2,1699010000,56633.67
90,2,1315000000,43833.33
48,1,950000000,31666.67
80,2,2800000000,93333.33
120,2,1536000000,51200
39,1,1170000000,39000
80,2,2100000000,70000
190,3,15200000000,506666.67
210,3,34560000000,1152000
90,2,3590000000,119666.67
75,2,398000000,13266.67
67,1,2150000000,71666.67
72,2,2900000000,96666.67
93,2,2300000000,76666.67
119,2,4950000000,165000
62,2,2200000000,73333.33
65,1,1880000000,62666.67
320,5,28000000000,933333.33
145,5,5000000000,166666.67
75,2,395000000,13166.67
73,2,850000000,28333.33
62,2,2300000000,76666.67
149,3,2100000000,70000
68,2,2050000000,68333.33
75,2,2480000000,82666.67
133,5,4700000000,156666.67
63,2,1880000000,62666.67
58,1,500000000,16666.67
67,1,6700000000,223333.33
70,1,2270000000,75666.67
135,3,9000000000,300000
122,4,2400000000,80000
80,2,2590000000,86333.33
55,1,2750000000,91666.67
86,2,3100000000,103333.33
30,0,500000000,16666.67
88,2,4500000000,150000
220,3,13500000000,450000
102,2,2950000000,98333.33
97,2,6000000000,200000
150,3,11000000000,366666.67
64,1,645000000,21500
62,2,2300000000,76666.67
100,2,4200000000,140000
97,2,3300000000,110000
80,2,3950000000,131666.67
53,1,2300000000,76666.67
68,2,1680000000,56000
105,2,4300000000,143333.33
70,2,2300000000,76666.67
86,2,4300000000,143333.33
62,1,682000000,22733.33
40,2,830000000,27666.67
57,1,1700000000,56666.67
140,3,7700000000,256666.67
40,1,790000000,26333.33
35,1,780000000,26000
112,2,8610000000,287000
140,3,8000000000,266666.67
48,1,1280000000,42666.67
70,2,2800000000,93333.33
175,3,17000000000,566666.67
135,2,8100000000,270000
45,1,880000000,29333.33
50,1,1250000000,41666.67
61,1,2000000000,66666.67
47,1,1050000000,35000
210,3,33600000000,1120000
82,2,455000000,15166.67
72,2,2376000000,79200
65,2,1900000000,63333.33
44,1,945000000,31500
58,1,1270000000,42333.33
127,2,2500000000,83333.33
124,3,7700000000,256666.67
65,2,2350000000,78333.33
110,2,8660000000,288666.67
200,4,15000000000,500000
240,3,34560000000,1152000
75,2,330000000,11000
130,1,1280000000,42666.67
72,2,300000000,10000
101,2,5200000000,173333.33
82,2,3300000000,110000
150,3,11760000000,392000
48,1,740000000,24666.67
115,2,5060000000,168666.67
106,2,4450000000,148333.33
205,3,20000000000,666666.67
125,2,1125000000,37500
85,2,2900000000,96666.67
220,4,15000000000,500000
104,2,4080000000,136000
99,2,3900000000,130000
165,3,18150000000,605000
98,2,650000000,21666.67
71,2,2150000000,71666.67
104,2,3500000000,116666.67
102,2,4000000000,133333.33
112,2,5400000000,180000
80,1,550000000,18333.33
69,2,1700000000,56666.67
135,3,9000000000,300000
44,1,1000000000,33333.33
80,2,2480000000,82666.67
80,2,750000000,25000
60,1,300000000,10000
60,1,300000000,10000
108,2,8600000000,286666.67
150,2,8200000000,273333.33
78,2,780000000,26000
77,2,470000000,15666.67
160,5,18000000000,600000
106,2,2340000000,78000
135,3,5600000000,186666.67
102,3,4300000000,143333.33
68,2,2150000000,71666.67
136,3,11000000000,366666.67
77,2,1680000000,56000
72,2,900000000,30000
84,2,588000000,19600
69,1,890000000,29666.67
55,1,797500000,26583.33
94,2,4100000000,136666.67
120,3,295000000,9833.33
90,2,290000000,9666.67
60,1,295000000,9833.33
54,1,760000000,25333.33
144,3,7250000000,241666.67
80,2,380000000,12666.67
110,3,6550000000,218333.33
55,2,2150000000,71666.67
65,2,1900000000,63333.33
60,2,1520000000,50666.67
69,2,980000000,32666.67
180,4,2720000000,90666.67
180,2,2100000000,70000
110,3,6550000000,218333.33
130,2,6300000000,210000
120,2,1440000000,48000
82,2,7000000000,233333.33
128,3,9200000000,306666.67
103,2,1150000000,38333.33
85,2,6100000000,203333.33
68,1,1400000000,46666.67
110,3,6550000000,218333.33
94,2,680000000,22666.67
42,1,640000000,21333.33
63,1,2200000000,73333.33
62,1,350000000,11666.67
155,3,13950000000,465000
65,2,1550000000,51666.67
138,3,9500000000,316666.67
135,3,3440000000,114666.67
135,3,3440000000,114666.67
71,1,540000000,18000
175,3,10500000000,350000
145,3,10500000000,350000
285,4,28500000000,950000
125,3,11250000000,375000
115,2,12000000000,400000
59,1,708000000,23600
89,3,430000000,14333.33
78,2,2250000000,75000
65,1,340000000,11333.33
78,2,480000000,16000
82,2,3000000000,100000
125,2,1550000000,51666.67
60,2,1280000000,42666.67
57,2,1200000000,40000
66,2,1120000000,37333.33
80,2,3000000000,100000
46,1,1700000000,56666.67
80,2,3000000000,100000
73,2,3060000000,102000
115,2,5175000000,172500
65,2,1950000000,65000
72,2,2550000000,85000
80,2,3000000000,100000
135,3,1500000000,50000
80,2,3000000000,100000
97,2,4000000000,133333.33
150,3,11000000000,366666.67
175,3,7800000000,260000
74,1,480000000,16000
157,3,10200000000,340000
92,2,3350000000,111666.67
190,3,12350000000,411666.67
110,2,8800000000,293333.33
50,1,1100000000,36666.67
197,3,15563000000,518766.67
107,2,8600000000,286666.67
78,2,7200000000,240000
46,1,1950000000,65000
112,2,8400000000,280000
60,1,1500000000,50000
128,3,6700000000,223333.33
193,3,13000000000,433333.33
120,2,9000000000,300000
115,2,8150000000,271666.67
95,2,3300000000,110000
92,2,3400000000,113333.33
71,2,2000000000,66666.67
95,2,1750000000,58333.33
40,1,630000000,21000
52,1,2360000000,78666.67
84,2,1900000000,63333.33
80,2,1800000000,60000
58,1,715000000,23833.33
68,2,2270000000,75666.67
90,2,3350000000,111666.67
65,1,1400000000,46666.67
200,2,2850000000,95000
72,2,1670000000,55666.67
80,2,1800000000,60000
71,2,1650000088,55000
86,2,1980000000,66000
75,2,345000000,11500
54,1,22500000003,750000
60,1,1960000000,65333.33
105,3,5830000000,194333.33
72,2,3350000000,111666.67
186,3,9300000000,310000
110,2,6050000000,201666.67
90,2,3350000000,111666.67
78,2,740000000,24666.67
84,2,855000000,28500
53,1,450000000,15000
63,3,1450000000,48333.33
53,1,1470000000,49000
105,2,3500000000,116666.67
100,2,4550000000,151666.67
93,2,3900000000,130000
83,3,1286500000,42883.33
135,3,7500000000,250000
65,1,3490000000,116333.33
100,2,4480000000,149333.33
80,2,750000000,25000
90,2,5250000000,175000
73,2,1900000000,63333.33
82,2,3600000000,120000
148,3,8140000000,271333.33
90,2,3150000000,105000
112,2,7000000000,233333.33
45,1,8900000000,296666.67
70,2,1850000000,61666.67
107,2,7597000000,253233.33
37,1,1180000000,39333.33
65,1,1725000000,57500
76,2,2850000000,95000
66,2,1000000000,33333.33
130,3,865000000,28833.33
63,3,1200000000,40000
75,2,500000000,16666.67
52,1,1200000000,40000
86,3,275000000,9166.67
58,1,246000000,8200
76,2,2600000000,86666.67
87,2,680000000,22666.67
54,0,470000000,15666.67
140,3,6300000000,210000
74,2,313000000,10433.33
186,3,15000000000,500000
140,3,8400000000,280000
114,2,4000000000,133333.33
51,1,1100000000,36666.67
180,3,14000000000,466666.67
70,1,3500000000,116666.67
120,3,5400000000,180000
137,3,6850000000,228333.33
92,2,3220000000,107333.33
45,1,1650000000,55000
68,2,1000000000,33333.33
80,2,3760000000,125333.33
85,2,3200000000,106666.67
88,2,4000000000,133333.33
118,2,7080000000,236000
180,3,10800000000,360000
60,1,1860000000,62000
80,2,410000000,13666.67
86,2,520000000,17333.33
123,3,12500000000,416666.67
148,3,6000000000,200000
80,2,2250000000,75000
58,1,325000000,10833.33
55,1,2300000000,76666.67
60,1,1950000000,65000
133,3,10000000000,333333.33
94,2,595000000,19833.33
68,2,1258000000,41933.33
61,2,460000000,15333.33
75,2,2650000000,88333.33
81,2,4455000000,148500
74,2,4070000000,135666.67
97,2,2700000000,90000
94,2,8450000000,281666.67
113,3,3170000000,105666.67
63,1,1890000000,63000
86,2,3500000000,116666.67
83,2,6800000000,226666.67
75,2,365000000,12166.67
105,2,5600000000,186666.67
82,2,360000000,12000
