Id,Income,Age,Experience,CURRENT_JOB_YRS,CURRENT_HOUSE_YRS,Risk_Flag
1,1303834,23,3,3,13,0
2,7574516,40,10,9,13,0
3,3991815,66,4,4,10,0
4,6256451,41,2,2,12,1
5,5768871,47,11,3,14,1
6,6915937,64,0,0,12,0
7,3954973,58,14,8,12,0
8,1706172,33,2,2,14,0
9,7566849,24,17,11,11,0
10,8964846,23,12,5,13,0
11,4634680,78,7,7,12,0
12,6623263,22,4,4,14,0
13,9120988,28,9,9,12,0
14,8043880,57,12,8,10,0
15,9420838,48,6,6,10,1
16,5694236,39,2,2,10,0
17,7315840,71,8,8,14,0
18,3666346,56,12,12,11,1
19,2241112,28,8,6,14,0
20,5431918,40,1,1,14,0
21,9225468,54,14,8,10,0
22,6506739,50,4,4,11,0
23,9157379,72,13,9,10,0
24,9236505,36,19,6,14,0
25,1065465,23,15,4,12,0
26,1797876,76,20,11,14,0
27,6063428,38,6,6,13,0
28,9643150,24,13,6,14,0
29,8832725,64,5,5,11,1
30,4386333,31,16,3,12,0
31,3939397,52,19,3,10,0
32,6944134,59,5,5,11,0
33,4128828,21,10,10,12,0
34,5023035,26,10,9,13,0
35,9086933,55,7,7,13,0
36,7537675,45,4,4,14,0
37,9625415,77,15,9,10,0
38,7904011,71,3,3,11,0
39,3540135,78,4,4,11,0
40,8739032,55,3,3,14,0
41,3217258,23,12,8,10,0
42,2735428,72,20,6,14,0
43,9760667,63,17,13,12,1
44,8390825,30,11,7,10,0
45,9639445,45,9,9,10,1
46,6868118,25,16,13,13,1
47,2471915,73,18,14,13,0
48,8477026,52,10,10,10,0
49,8996641,75,12,12,13,0
50,4043791,48,18,13,14,0
51,4260004,27,5,5,13,0
52,3634814,74,4,4,11,0
53,9518593,71,6,6,13,0
54,5990870,74,4,4,10,0
55,1213131,67,8,8,11,0
56,1885923,46,16,8,14,1
57,5554586,39,18,13,13,1
58,6555332,56,20,4,10,0
59,9861298,59,16,9,11,1
60,9311486,68,9,9,12,0
61,9440590,68,11,10,13,0
62,8773158,58,18,5,13,1
63,9724250,67,17,3,13,0
64,1729774,28,6,5,10,0
65,6178223,46,19,11,13,0
66,9822116,27,12,12,13,0
67,4334000,36,4,4,11,0
68,9576258,79,18,6,11,0
69,8788135,77,7,7,11,0
70,7002610,56,4,4,12,0
71,5605985,57,12,3,11,0
72,3208322,55,18,8,12,0
73,2408148,59,10,7,11,0
74,9585696,42,13,3,12,0
75,2116007,24,5,5,13,1
76,3798306,42,11,11,14,0
77,2966907,30,6,5,12,0
78,4994848,58,9,9,13,0
79,326455,27,20,3,14,0
80,6227811,60,14,12,12,0
81,7839236,68,7,7,14,1
82,6115704,57,17,12,14,1
83,7433875,32,12,11,10,1
84,6245331,65,6,6,12,0
85,4700701,48,14,12,12,0
86,5898669,32,9,6,13,0
87,4329713,42,9,6,14,0
88,4047079,49,7,5,14,0
89,9784947,24,11,11,14,0
90,6097344,27,16,10,14,0
91,826681,78,4,4,14,0
92,137594,52,10,7,10,1
93,575463,60,12,11,13,0
94,8005608,65,8,8,12,1
95,7527288,24,10,5,11,0
96,7021605,31,14,8,10,0
97,3449511,50,19,3,14,0
98,3472864,39,10,5,13,0
99,5083653,35,14,12,11,0
100,6275695,66,10,10,11,1
101,4336059,54,12,12,13,0
102,4976661,22,9,8,12,0
103,4417164,42,12,8,14,0
104,9334042,52,10,5,11,0
105,535157,50,2,2,10,0
106,4126991,66,3,3,12,0
107,5165629,61,0,0,12,1
108,1240330,29,18,12,14,0
109,862841,77,7,7,14,0
110,6501716,37,5,5,13,0
111,1197375,41,0,0,11,0
112,7430695,59,8,8,10,0
113,4726819,67,5,5,13,0
114,1319541,72,10,10,14,0
115,1281960,24,8,8,13,0
116,5522159,22,6,6,12,1
117,4428363,46,11,11,10,1
118,4759451,60,4,4,13,0
119,7154493,28,4,4,13,1
120,245844,67,4,3,11,0
121,8769550,23,13,9,10,1
122,8312895,35,12,11,14,0
123,4432483,69,6,6,10,0
124,9867887,79,9,4,12,0
125,444242,77,11,8,12,0
126,8288147,32,20,3,13,0
127,3159260,62,4,4,10,0
128,8753042,74,12,9,12,0
129,46750,33,13,10,11,1
130,1855377,26,3,3,13,0
131,7187813,47,2,2,13,1
132,5644262,60,7,3,11,1
133,4171960,73,16,10,10,0
134,9397962,58,3,3,14,0
135,3643187,77,20,12,14,0
136,2015341,47,6,6,13,0
137,7465121,37,2,2,12,0
138,3606323,33,0,0,11,0
139,2966871,78,7,3,11,0
140,8496659,59,12,8,12,0
141,7889777,35,15,13,10,0
142,3345583,32,2,2,14,0
143,4392927,41,2,2,13,1
144,4995211,68,9,9,11,0
145,3970273,53,14,4,12,0
146,2570688,46,9,9,11,0
147,2506726,54,11,6,14,0
148,9657655,76,0,0,12,0
149,4269729,70,8,8,13,0
150,799233,72,4,4,14,0
151,8791091,33,15,12,14,0
152,1122270,72,11,5,12,0
153,3775604,46,11,5,11,1
154,8195887,79,16,14,13,1
155,4392149,59,11,10,13,0
156,4991059,39,11,11,14,0
157,1013313,32,16,10,12,0
158,1800877,21,10,5,13,0
159,2217063,34,3,3,11,0
160,1134496,77,3,3,10,1
161,7462623,46,13,10,14,0
162,6045182,78,6,6,12,0
163,6847133,69,7,6,10,0
164,5403886,29,14,7,10,0
165,1856689,46,5,5,12,1
166,4998898,27,13,13,11,0
167,3367218,28,5,4,11,0
168,4195266,40,20,14,14,0
169,8451099,70,4,4,13,1
170,624985,47,11,6,11,1
171,3207222,28,3,3,10,0
172,4341286,75,1,1,13,0
173,233888,64,1,1,10,1
174,2942291,50,11,4,11,0
175,6044767,60,12,10,13,0
176,6694786,69,17,11,11,1
177,470555,50,10,3,14,0
178,8949796,66,0,0,12,0
179,412015,23,8,4,10,0
180,9352887,53,6,6,11,1
181,9226716,55,3,3,11,0
182,9364159,77,6,4,11,0
183,9934516,66,6,6,14,0
184,884898,48,8,8,10,0
185,5681211,79,18,8,10,0
186,1185014,23,5,5,13,0
187,9603186,43,5,5,13,1
188,3489049,66,11,11,12,1
189,5653642,42,3,3,11,1
190,9899664,45,5,5,10,0
191,6862187,22,7,7,12,1
192,979926,61,14,7,11,1
193,424671,64,15,4,11,0
194,347930,64,5,5,12,0
195,8645202,65,9,9,13,0
196,2028733,38,4,4,11,0
197,7977722,69,19,14,12,0
198,6816106,31,20,11,14,0
199,4853948,39,10,10,10,0
200,227394,56,12,5,14,0
201,5330432,47,2,2,10,0
202,9830639,70,16,5,11,0
203,4184636,55,2,2,10,0
204,2667227,76,6,6,14,0
205,4736350,38,13,6,13,1
206,5886958,60,16,3,10,0
207,9845816,31,20,14,11,0
208,7512179,55,13,11,14,0
209,2603179,39,20,13,11,0
210,9317473,63,20,14,14,0
211,5616245,76,20,13,13,0
212,4110754,36,4,4,13,0
213,6305461,41,11,7,14,1
214,7552268,38,6,5,10,1
215,4334503,22,6,6,14,0
216,1328487,67,12,7,10,0
217,152426,27,18,8,12,0
218,7992060,44,15,4,11,0
219,7357515,50,13,7,14,0
220,7115862,52,17,14,11,0
221,1532701,79,2,2,12,0
222,4421612,79,20,8,11,0
223,9521305,77,9,9,13,0
224,2433481,48,0,0,14,0
225,6668221,66,20,11,11,1
226,5109740,39,6,6,14,1
227,3902265,26,5,3,14,0
228,8602683,46,1,1,10,0
229,7636933,44,4,4,14,0
230,665309,69,11,11,11,0
231,9812058,72,1,1,14,0
232,9999180,22,0,0,11,0
233,1126863,43,1,1,11,0
234,8774556,63,2,2,12,0
235,1882143,45,19,4,14,1
236,7167762,49,14,12,14,1
237,7743419,71,15,14,14,1
238,3562528,58,9,9,11,0
239,5323322,77,13,13,10,0
240,5596467,26,17,4,13,0
241,9305585,69,8,8,10,1
242,4539480,46,3,3,11,0
243,9480069,64,2,2,10,0
244,9772105,29,12,8,14,0
245,9507533,32,4,4,11,0
246,2218280,34,9,9,11,0
247,2252443,77,0,0,11,0
248,4525338,23,1,1,12,0
249,9984878,51,18,8,12,0
250,2285062,38,2,2,12,0
251,6715263,29,0,0,11,1
252,2959223,43,2,2,12,0
253,2370396,69,4,4,10,0
254,3426695,73,4,4,14,0
255,1923950,50,12,3,14,0
256,2416807,70,10,4,12,0
257,10310,70,20,7,14,0
258,2436026,50,4,4,10,0
259,5046084,62,7,6,14,0
260,6415225,54,13,3,13,0
261,1632386,43,20,11,14,1
262,6220011,57,19,14,14,0
263,461499,68,2,2,11,0
264,7579274,26,8,5,14,0
265,7291839,41,1,1,12,1
266,7583437,74,13,9,13,0
267,9933885,65,12,4,11,0
268,4187964,78,2,2,10,1
269,5498131,61,15,7,13,0
270,3308198,76,10,4,14,0
271,2452563,75,3,3,12,0
272,7877007,49,9,9,10,0
273,7525294,43,11,4,14,0
274,2062343,40,15,14,11,0
275,6152756,49,3,3,14,0
276,6325118,21,13,11,12,1
277,9043312,71,10,3,14,0
278,9344382,38,14,12,14,0
279,9173731,47,3,3,12,0
280,1996629,48,16,9,14,0
281,2451457,31,9,9,12,0
282,4855342,24,0,0,13,0
283,2955958,35,17,7,11,1
284,6360265,31,18,3,11,0
285,2183371,23,20,3,13,0
286,4718273,25,10,8,10,0
287,8459716,79,1,1,14,0
288,2101952,46,18,7,14,0
289,4531094,41,6,6,13,0
290,7362151,65,4,3,11,0
291,6272411,69,2,2,10,0
292,7110369,35,7,3,11,0
293,7352225,78,14,6,14,0
294,2442178,34,15,10,13,0
295,6975092,73,9,9,13,0
296,6947233,62,10,10,12,0
297,1818927,69,8,8,13,0
298,6197730,71,3,3,13,0
299,568591,65,5,5,11,0
300,7167873,61,0,0,11,1
301,2277429,42,18,4,14,0
302,5697835,55,14,6,14,0
303,9127290,22,11,3,14,1
304,8433425,63,13,6,10,0
305,5419964,40,4,4,13,0
306,9510775,48,3,3,14,0
307,908803,22,18,3,14,0
308,8010013,45,11,7,14,0
309,5468664,30,2,2,14,1
310,6936269,46,9,8,14,0
311,6448514,30,6,6,10,0
312,667848,58,10,8,12,0
313,6787542,22,0,0,12,1
314,9348360,48,12,12,10,0
315,4543268,32,17,3,13,0
316,8143086,22,3,3,11,1
317,5714288,44,0,0,14,0
318,4110066,43,0,0,12,0
319,6668606,45,2,2,10,0
320,2696703,57,14,14,12,0
321,8573668,57,15,13,13,1
322,7086647,24,4,4,14,0
323,3342757,21,18,9,14,0
324,2663598,63,15,11,12,0
325,1680177,33,18,6,11,1
326,854917,34,0,0,13,0
327,2485396,26,6,6,14,0
328,3261742,36,11,4,10,0
329,6518572,76,17,14,12,0
330,4706227,76,6,6,14,0
331,2429683,43,20,14,11,1
332,7020077,63,9,9,13,1
333,9815414,26,5,5,14,1
334,2055989,25,18,3,10,0
335,8593443,49,12,9,14,0
336,67428,49,12,10,11,0
337,4356905,62,2,2,13,0
338,4496096,55,17,13,13,1
339,3419204,79,18,3,12,0
340,4445947,53,17,4,14,1
341,2542814,55,10,8,11,0
342,1670303,35,13,5,14,0
343,661573,42,20,14,12,0
344,8867807,63,0,0,11,0
345,2132506,79,11,11,13,0
346,8739174,28,5,5,12,0
347,2432816,37,4,4,12,0
348,9446738,55,2,2,10,0
349,3148837,37,17,13,13,0
350,8378891,40,10,9,12,0
351,7660598,72,11,11,13,1
352,5331462,57,20,8,14,0
353,4958467,76,2,2,11,0
354,1576088,37,13,7,12,1
355,7867670,60,19,12,13,0
356,5531708,43,9,3,13,0
357,8776228,37,15,14,11,1
358,7702379,76,6,6,10,0
359,3722050,73,12,11,13,0
360,9910903,26,15,3,11,0
361,6985683,77,13,4,12,0
362,6952653,40,6,6,14,0
363,3991574,62,20,7,10,0
364,7995914,71,0,0,10,0
365,6785181,32,11,11,11,1
366,7455976,69,5,5,13,0
367,6190329,21,13,13,11,0
368,1672431,45,8,8,14,0
369,7339398,55,11,10,11,0
370,4523349,28,2,2,12,0
371,8262466,46,4,4,13,0
372,5273396,30,13,4,11,0
373,780090,55,9,9,14,1
374,3128681,59,4,4,12,0
375,3589662,42,18,13,13,0
376,6121261,23,15,5,14,0
377,5817501,61,2,2,10,0
378,9282569,77,10,10,14,0
379,4510338,53,17,5,10,1
380,3498735,38,3,3,14,0
381,8802134,69,5,5,10,0
382,4594450,79,14,14,11,0
383,2703840,48,17,5,14,0
384,4804358,79,19,13,14,0
385,3983388,51,16,5,14,0
386,4406911,45,3,3,14,0
387,6402349,68,7,7,10,0
388,7922894,22,9,8,11,0
389,1853560,73,8,8,11,0
390,8693161,53,5,3,10,0
391,3171323,21,17,5,12,0
392,2704782,79,6,6,14,0
393,8190070,61,9,3,12,0
394,4131397,33,17,13,12,0
395,5881185,47,4,4,13,0
396,321358,78,17,9,13,1
397,1625328,49,19,9,12,0
398,2653315,76,8,8,12,0
399,8698268,46,19,6,12,1
400,7497401,79,15,4,10,0
401,9454655,35,7,7,14,0
402,681770,28,5,5,14,0
403,8927753,25,17,13,13,1
404,6246061,59,6,5,11,0
405,4074914,40,16,9,14,0
406,4273001,62,14,14,14,1
407,1904060,72,8,8,14,0
408,4788890,62,5,5,12,0
409,5808564,65,16,14,10,0
410,1509327,51,0,0,11,0
411,8944435,51,2,2,11,0
412,527900,61,9,9,10,1
413,2530244,47,1,1,13,0
414,7914034,23,2,2,10,1
415,8160444,30,19,10,12,0
416,8500708,28,3,3,12,0
417,1850597,55,12,12,10,0
418,9516861,67,0,0,13,0
419,9800971,62,14,3,13,0
420,9049657,25,12,12,12,0
421,8510110,49,15,13,14,0
422,8230848,34,3,3,14,0
423,5615027,23,14,14,14,0
424,3460548,36,13,5,13,0
425,7847940,64,16,10,11,1
426,2901323,56,2,2,10,0
427,6722440,47,7,7,11,1
428,2259654,42,2,2,10,1
429,7667495,24,3,3,14,0
430,3890518,64,19,12,10,0
431,4436534,52,1,1,14,0
432,4888019,73,14,11,10,0
433,6588340,29,3,3,11,0
434,9241363,62,18,5,11,1
435,7592145,68,20,4,10,0
436,8491491,61,20,8,11,0
437,368667,48,2,2,13,0
438,7779633,57,10,10,13,0
439,9078403,25,18,9,12,0
440,2562525,54,8,8,11,0
441,8914067,77,18,10,11,0
442,842278,30,18,3,14,0
443,2336237,66,6,4,10,0
444,2808095,24,11,6,14,0
445,9434706,30,9,9,13,0
446,8633347,27,4,4,14,0
447,8458367,79,1,1,10,0
448,8273187,69,0,0,14,0
449,842194,27,16,10,11,0
450,630441,37,4,4,11,0
451,7891663,64,6,6,10,0
452,7894460,25,5,5,10,0
453,4846957,75,2,2,10,0
454,3272246,72,7,7,14,0
455,649902,54,15,8,11,1
456,9186273,50,20,10,14,0
457,8576968,35,18,5,12,0
458,5492355,28,2,2,11,0
459,9215066,69,11,11,10,1
460,4432283,61,5,5,10,1
461,7467167,57,6,6,11,0
462,4147754,21,18,8,12,0
463,7124175,44,15,7,10,1
464,1964155,51,13,7,10,0
465,7591621,41,6,3,14,1
466,3595993,49,6,6,14,0
467,5867167,60,14,6,12,0
468,9254833,63,13,10,10,0
469,4371590,66,19,3,12,0
470,549476,47,1,1,10,1
471,5628436,48,13,10,10,1
472,8893842,74,17,9,14,0
473,223993,54,7,7,11,1
474,7469378,62,0,0,10,0
475,1462402,48,4,4,11,0
476,6453233,68,13,13,14,0
477,9304920,44,6,6,11,0
478,5445375,52,19,5,12,0
479,706809,71,3,3,13,1
480,5169846,54,13,5,10,0
481,4614035,42,15,13,14,0
482,126261,69,6,4,11,0
483,4149976,35,15,10,12,0
484,133954,27,15,11,13,0
485,4824858,58,15,8,11,1
486,6118570,53,14,14,13,0
487,5603227,62,9,4,12,0
488,3638802,76,5,5,10,0
489,9468291,32,0,0,12,0
490,3985432,47,13,4,12,0
491,4493999,57,0,0,14,0
492,7884489,25,14,9,13,0
493,2717090,71,2,2,10,0
494,2192899,45,12,6,10,0
495,1988524,50,6,6,13,1
496,8644938,26,11,9,10,0
497,4070923,23,6,6,11,0
498,1966474,26,16,4,10,1
499,3215432,37,6,6,12,0
500,28561,63,13,13,12,0
501,8145890,48,5,5,11,0
502,3516704,54,17,13,10,0
503,1609239,47,3,3,14,0
504,5714975,41,10,10,14,0
505,2207248,49,19,3,12,0
506,3426767,67,1,1,12,0
507,3330944,52,7,7,10,0
508,976533,48,2,2,10,1
509,714898,54,9,9,12,0
510,3177996,28,1,1,12,0
511,9215889,37,15,9,13,0
512,5736165,57,1,1,10,0
513,1578598,50,11,11,11,1
514,1604428,66,20,12,14,1
515,6834599,69,12,12,10,0
516,414060,64,16,14,11,1
517,2889903,27,0,0,12,0
518,3958023,39,19,5,11,0
519,1598789,60,14,5,13,0
520,2407726,75,16,5,12,0
521,3643303,79,0,0,12,0
522,220528,72,18,4,12,0
523,8079960,53,2,2,10,1
524,9126131,29,18,9,12,0
525,7840891,54,9,6,14,0
526,163900,61,7,5,14,0
527,5269140,26,9,3,13,0
528,5915580,68,20,7,10,1
529,1700810,79,1,1,12,0
530,7533473,70,12,4,14,0
531,3508614,32,11,8,13,0
532,2740172,72,16,10,13,0
533,7503211,57,6,6,10,0
534,4912024,63,20,4,14,0
535,8370021,40,5,5,14,0
536,1171901,57,10,9,12,0
537,5484464,58,2,2,12,0
538,2902285,77,19,11,10,1
539,2799879,44,0,0,11,0
540,1322234,31,1,1,14,0
541,121035,71,12,11,13,0
542,4915233,76,5,3,11,0
543,5397462,39,12,12,13,0
544,4939664,61,14,4,12,0
545,7563306,55,15,12,12,1
546,9368529,59,7,7,10,1
547,16045,56,5,5,10,0
548,1026972,64,1,1,13,0
549,5897750,76,14,5,11,0
550,5623318,31,13,13,11,0
551,8900631,47,6,6,12,0
552,1139981,60,12,12,12,1
553,1902583,21,2,2,11,0
554,6814983,51,18,14,11,0
555,340075,45,0,0,13,1
556,8837967,35,14,10,14,0
557,4796189,51,16,12,12,0
558,9148621,43,9,3,12,0
559,2324042,45,16,13,13,0
560,1066119,69,16,12,11,1
561,6298839,34,19,5,13,0
562,6509681,30,10,10,10,0
563,3859838,62,13,7,13,0
564,2940425,77,16,7,10,1
565,2122622,59,8,8,14,0
566,6963246,35,16,14,12,1
567,7932482,34,11,11,14,0
568,5965932,74,3,3,13,1
569,1000979,41,19,5,13,0
570,4792641,40,15,13,10,0
571,6120219,25,8,3,13,1
572,2926477,78,19,3,10,1
573,6800688,78,5,5,14,1
574,1551179,24,19,9,14,0
575,9756211,45,8,8,10,1
576,9976498,69,12,12,10,0
577,9407809,66,3,3,13,1
578,6002096,32,14,3,13,1
579,9272937,75,18,7,13,0
580,4145727,27,11,6,12,1
581,7993188,66,6,6,10,0
582,4272756,29,6,6,13,0
583,294610,49,16,6,13,0
584,6201762,46,1,1,10,1
585,6602095,62,15,8,14,0
586,9222108,78,9,9,12,0
587,4510519,73,3,3,10,1
588,2608473,77,20,6,13,0
589,5321383,40,2,2,13,0
590,2318528,33,8,8,11,0
591,3372296,26,10,10,12,0
592,1441334,77,20,12,12,0
593,5663627,29,0,0,14,0
594,5707558,57,9,9,10,0
595,5335142,79,4,4,13,0
596,6104309,30,3,3,12,0
597,2265601,72,16,5,12,0
598,5885687,39,20,3,13,0
599,8056757,42,18,3,13,0
600,1306929,66,14,11,10,0
601,8600643,48,17,6,13,0
602,7184863,49,19,7,13,0
603,4449069,36,17,7,11,0
604,2737514,58,14,13,10,0
605,4370986,31,9,4,12,0
606,8692016,22,10,8,13,0
607,9908353,68,3,3,13,0
608,4143099,21,3,3,11,0
609,358155,26,3,3,14,0
610,1097615,59,15,5,14,0
611,7098940,60,5,5,11,0
612,346205,68,14,6,13,0
613,2889220,34,18,13,14,0
614,1040029,46,5,5,10,0
615,150879,77,0,0,12,0
616,9658695,74,19,8,11,0
617,893955,28,8,3,14,0
618,8755938,42,20,14,13,1
619,6471065,68,10,5,14,0
620,3251968,76,17,9,11,0
621,4683990,33,9,9,11,0
622,1477651,50,15,8,13,0
623,5890358,43,4,4,13,0
624,6106749,43,9,9,13,0
625,6832550,53,20,13,11,0
626,333430,34,6,6,11,0
627,3729339,73,3,3,14,0
628,6549582,31,7,7,11,1
629,4916345,73,8,8,12,1
630,8097242,43,1,1,10,0
631,2359192,57,1,1,14,0
632,7462582,72,12,12,10,0
633,117262,65,15,12,12,0
634,2582515,27,14,14,13,0
635,6129612,42,13,6,12,0
636,3662229,39,0,0,14,0
637,4140213,45,6,6,14,0
638,8669868,63,10,6,11,0
639,222070,21,19,14,13,0
640,9768431,72,4,4,14,0
641,6251533,50,16,4,11,0
642,1016509,42,12,10,13,0
643,4954873,46,19,5,13,0
644,2267190,52,15,9,11,0
645,5082664,41,12,5,12,1
646,9241745,23,10,10,11,0
647,2822951,45,8,8,14,0
648,853211,40,5,5,10,0
649,9559493,77,3,3,13,0
650,2376301,49,17,4,13,0
651,3711307,22,20,10,12,1
652,1215004,25,5,5,10,0
653,1975710,42,3,3,11,0
654,5203541,30,17,8,13,0
655,9605668,25,17,8,14,0
656,6986458,35,11,8,14,0
657,8823581,27,15,10,12,0
658,7145203,44,6,3,14,0
659,1202104,69,4,4,12,0
660,3159546,75,5,3,13,0
661,4206929,73,8,8,11,1
662,6019535,75,9,3,13,0
663,7172998,36,16,9,13,0
664,6175598,49,18,6,13,0
665,3623971,21,7,7,13,0
666,2024213,38,19,8,14,1
667,3283513,25,17,4,13,0
668,1413733,25,2,2,14,0
669,7564205,36,10,10,13,0
670,9500602,70,16,14,13,0
671,4360408,47,19,6,13,0
672,1108189,41,6,6,10,0
673,5809456,72,16,4,10,0
674,9533689,61,6,4,13,0
675,2721517,62,6,6,10,0
676,4702825,59,8,5,13,0
677,1112644,23,16,6,10,1
678,7648698,68,16,13,10,0
679,8881776,49,13,13,12,0
680,9099029,64,9,7,10,0
681,7341279,50,0,0,11,0
682,1169151,61,17,7,13,0
683,6389669,33,13,11,11,0
684,8141031,23,17,3,11,0
685,7302729,70,14,11,11,0
686,5421595,45,4,4,12,1
687,9104150,70,14,11,10,0
688,1303925,57,11,11,14,0
689,4588175,49,20,6,11,0
690,1099947,48,0,0,10,0
691,1990293,54,15,4,10,0
692,3306281,33,16,8,12,1
693,8744579,34,3,3,12,0
694,9121364,70,18,3,11,0
695,1585215,64,9,9,10,0
696,1512050,70,7,7,14,0
697,2707807,35,12,4,13,0
698,4279587,56,11,11,10,0
699,445268,57,17,9,13,0
700,7767858,29,0,0,10,0
701,3548901,67,11,9,11,0
702,165198,77,8,6,11,0
703,2598882,23,0,0,14,0
704,4477660,30,0,0,14,0
705,4608251,59,0,0,10,0
706,5101498,55,0,0,14,0
707,3423478,76,9,4,10,1
708,7536082,29,1,1,11,0
709,166480,36,8,8,11,1
710,4758365,66,8,8,11,0
711,3608658,70,18,4,11,0
712,4112102,46,15,5,13,1
713,5831264,32,1,1,11,0
714,7040268,47,19,11,13,0
715,488193,71,18,8,10,0
716,7338543,34,9,3,12,0
717,2888327,52,19,8,12,0
718,5386630,75,12,10,11,0
719,3753805,68,0,0,13,0
720,5812529,46,2,2,11,1
721,9422148,43,16,12,12,1
722,7673823,63,15,11,14,0
723,1832053,63,14,7,14,0
724,6239581,38,8,8,13,1
725,9855166,72,5,5,13,0
726,9044259,30,16,3,11,1
727,9241049,41,8,6,13,0
728,9506949,49,14,13,11,0
729,4593497,33,15,8,14,0
730,5186187,76,2,2,12,1
731,3069692,47,19,5,11,0
732,1405890,34,2,2,12,0
733,2774757,36,11,10,11,0
734,3470076,44,15,11,12,1
735,52469,60,10,5,10,0
736,9450206,53,1,1,11,0
737,960205,66,16,7,11,1
738,1117930,79,15,9,12,1
739,5604044,44,0,0,13,0
740,96503,40,13,3,14,1
741,3019204,29,14,4,10,0
742,9043837,22,6,6,12,0
743,1868963,73,16,7,12,0
744,5270510,50,17,4,11,0
745,7529689,76,9,4,10,1
746,9420845,27,3,3,13,0
747,5152202,78,10,10,12,0
748,4388557,43,8,7,13,0
749,229554,74,15,14,11,0
750,191830,45,9,9,12,0
751,7303811,47,2,2,11,0
752,7002478,38,20,5,13,0
753,7910818,25,14,10,10,0
754,2201763,70,15,12,14,0
755,8973665,74,19,13,10,0
756,2968373,29,20,11,12,0
757,931078,57,19,13,14,0
758,7310808,41,15,3,14,0
759,1442794,35,20,10,10,0
760,3528671,72,2,2,10,0
761,6875625,77,7,7,11,0
762,5532605,23,19,6,14,0
763,5965136,36,15,10,12,1
764,6410485,75,7,7,10,0
765,479199,57,18,13,13,0
766,5557295,29,2,2,13,0
767,5623739,75,19,9,12,0
768,7109627,74,20,14,14,0
769,275750,22,9,9,11,0
770,6338889,35,6,6,14,0
771,7556569,72,6,6,11,0
772,2797997,30,10,8,13,0
773,3086136,60,9,6,13,0
774,6550926,35,1,1,11,1
775,5354560,58,13,5,13,1
776,6590010,41,13,6,13,0
777,5643939,76,11,3,11,0
778,2979441,44,7,7,12,0
779,3890846,58,16,4,11,0
780,7677453,49,12,3,11,0
781,5608121,52,7,7,14,1
782,7087601,68,4,4,12,0
783,6894156,53,4,4,10,0
784,9558695,35,11,6,12,0
785,1630476,65,3,3,10,0
786,1246172,63,9,5,13,0
787,8030487,62,3,3,13,0
788,9493120,63,19,12,11,0
789,9443163,45,20,5,12,0
790,4642438,55,13,13,14,1
791,7359458,29,3,3,14,0
792,8136993,21,16,3,11,0
793,3487781,65,7,7,10,0
794,6851175,23,14,8,14,0
795,7394642,53,11,11,14,0
796,1896591,25,19,5,13,0
797,8419826,31,0,0,14,1
798,1368608,65,13,5,14,0
799,3734522,47,1,1,10,1
800,7235849,46,4,4,11,0
801,6747015,59,20,7,14,0
802,1209322,41,10,10,13,0
803,2018913,68,7,7,13,1
804,415914,52,6,6,14,0
805,8976828,58,10,10,14,1
806,214045,54,14,3,10,0
807,2716709,36,9,9,14,0
808,5994422,62,17,6,13,0
809,3437621,78,14,3,10,0
810,8793461,53,18,8,10,0
811,6951975,54,3,3,11,0
812,3829485,32,2,2,12,0
813,5415637,47,12,12,14,0
814,5010356,74,8,8,14,0
815,5098928,71,17,4,11,0
816,8030284,65,6,6,12,1
817,1755216,38,15,11,13,0
818,2010564,71,16,3,12,0
819,931235,71,0,0,13,0
820,221597,30,12,12,10,0
821,8035749,64,16,10,11,0
822,3469231,42,12,12,14,0
823,989292,45,4,4,10,0
824,7532243,47,2,2,12,0
825,9809512,61,5,5,11,0
826,5002101,37,6,6,14,0
827,3239090,68,17,13,11,0
828,1014244,36,9,9,10,0
829,9412724,57,0,0,14,0
830,8304718,78,0,0,13,0
831,5238806,65,3,3,12,1
832,6440066,74,15,8,11,0
833,224204,51,9,8,10,0
834,7074289,37,1,1,12,0
835,143036,29,4,4,14,0
836,8631895,27,12,7,14,0
837,5272729,28,17,12,10,0
838,1288371,51,2,2,10,0
839,2329433,42,1,1,11,0
840,8796074,21,0,0,14,0
841,6550448,77,7,7,13,0
842,4701745,32,18,11,14,0
843,1411158,42,11,6,13,0
844,9176670,69,12,6,12,0
845,971966,79,10,5,12,0
846,6794531,68,20,14,10,1
847,2174359,60,18,11,10,0
848,9266153,67,14,9,11,0
849,972554,54,13,13,12,1
850,476900,33,20,7,10,0
851,6991135,31,16,11,11,0
852,1854968,27,19,3,14,0
853,6174825,47,19,6,14,0
854,7429005,69,2,2,13,0
855,2176235,50,10,3,11,0
856,1746647,69,2,2,13,0
857,40007,39,19,12,13,0
858,8025541,53,9,7,14,0
859,215207,32,7,7,13,0
860,2636544,39,0,0,11,0
861,4505937,52,6,6,14,0
862,1161425,45,14,13,13,0
863,2513457,32,18,9,10,0
864,1239373,64,4,3,12,0
865,1207390,43,4,3,14,0
866,2037154,41,9,6,14,0
867,1728444,66,10,10,13,0
868,267623,32,16,5,13,0
869,3026261,49,7,7,14,0
870,9082033,57,9,5,14,0
871,6911597,48,12,4,13,0
872,6852832,44,10,10,14,0
873,4306831,49,17,6,12,0
874,7625659,51,6,6,12,0
875,9211842,61,16,11,11,1
876,6268431,43,6,3,10,0
877,6165156,28,7,7,13,0
878,7962568,28,14,5,13,0
879,8057748,46,6,4,11,1
880,2442625,67,9,7,12,0
881,5899739,75,11,3,12,0
882,1006338,67,1,1,14,0
883,2579337,41,6,6,12,0
884,6145246,32,3,3,14,0
885,4556669,50,2,2,13,0
886,6443249,69,18,6,10,0
887,6372556,39,10,3,13,0
888,4157390,34,17,12,13,0
889,6389996,32,16,7,11,0
890,7477502,28,14,11,10,0
891,127445,55,12,12,11,0
892,6712260,72,10,3,11,0
893,4719877,74,15,11,10,0
894,1944232,23,20,14,13,0
895,1223133,68,6,6,10,0
896,5357215,52,8,8,11,0
897,6381365,67,11,4,12,0
898,4273331,67,17,6,10,0
899,8371842,66,15,4,11,1
900,1851974,67,8,4,12,0
901,3657620,54,3,3,13,0
902,3654298,78,18,5,10,0
903,848556,70,6,6,10,0
904,2615615,44,13,4,12,0
905,9897868,43,17,8,14,0
906,8105018,74,12,11,10,0
907,892655,53,4,4,10,0
908,3019138,69,5,5,10,0
909,749226,67,4,4,10,0
910,2293119,46,11,11,14,0
911,4408094,30,8,4,10,0
912,4784462,60,19,9,14,0
913,4655230,50,4,4,10,0
914,2363748,36,13,7,10,0
915,753735,45,1,1,11,0
916,1618942,31,17,7,12,0
917,6621319,27,2,2,14,0
918,9339198,67,14,11,14,0
919,736448,31,13,7,13,0
920,156398,69,10,7,14,0
921,2157311,78,14,6,12,1
922,5364976,73,13,3,10,0
923,3191887,76,3,3,14,0
924,4816663,40,18,3,14,0
925,9777621,61,11,11,11,0
926,8623683,29,13,5,14,0
927,9362365,23,19,11,13,0
928,2218507,68,17,7,10,0
929,5055002,48,1,1,11,0
930,4072094,39,9,9,14,0
931,6197216,69,2,2,13,0
932,5768112,52,3,3,11,0
933,2175522,64,1,1,13,0
934,5093443,56,2,2,14,0
935,4375734,30,9,5,13,0
936,1259577,66,15,3,10,0
937,5069739,40,1,1,11,0
938,7198404,29,19,6,14,1
939,3361391,48,0,0,14,0
940,422892,59,7,7,10,1
941,4356797,57,4,4,12,0
942,7098273,67,10,3,12,1
943,1356494,68,5,5,12,0
944,4707147,27,10,4,10,0
945,5221691,42,17,4,14,0
946,5507871,72,5,5,10,0
947,9455042,33,20,10,12,1
948,6922312,40,19,14,13,0
949,2310149,35,9,9,11,0
950,8087598,44,18,14,11,0
951,2491348,47,11,11,10,0
952,6258257,41,8,7,14,0
953,4949796,51,16,8,12,0
954,726110,68,18,10,13,0
955,2741381,35,17,3,14,0
956,7831154,64,7,7,14,0
957,9543987,50,13,11,14,0
958,9938741,79,4,4,12,0
959,5128999,53,12,12,10,0
960,1900932,69,11,5,10,0
961,4703725,37,6,6,10,0
962,8745080,55,18,4,13,1
963,2408696,26,11,11,11,0
964,9545124,29,2,2,11,0
965,4486618,31,6,6,10,0
966,2740278,65,4,4,10,0
967,3546473,39,5,3,10,0
968,8006236,49,6,6,10,0
969,6775535,60,20,7,14,0
970,7808637,65,13,7,10,0
971,8306987,66,0,0,12,0
972,4136252,79,12,12,14,0
973,3777592,76,12,4,10,0
974,2557871,55,14,3,12,0
975,1614323,28,18,6,14,0
976,991107,34,14,7,10,0
977,6686452,34,4,4,12,0
978,9789626,21,20,4,13,1
979,8049089,60,18,5,12,0
980,2875030,49,10,10,10,0
981,6064204,62,14,10,10,0
982,4054318,74,3,3,11,0
983,5969456,27,12,10,14,0
984,2921004,47,4,4,11,0
985,384314,57,7,3,12,0
986,2453112,34,6,6,14,1
987,4879862,75,2,2,12,0
988,3068781,27,17,3,14,0
989,3679290,25,9,6,11,0
990,4508919,59,6,6,14,0
991,9676479,48,17,14,14,0
992,2854227,57,3,3,13,0
993,8448595,32,13,3,13,0
994,6563024,34,2,2,13,0
995,6104859,47,12,12,11,0
996,6907195,55,5,3,10,0
997,9253093,54,2,2,12,1
998,9464966,67,14,14,10,0
999,3346084,23,18,6,13,0
1000,5472585,63,17,6,11,0
1001,8367934,39,0,0,12,0
1002,5639809,75,0,0,10,0
1003,8996089,71,5,5,12,0
1004,2451102,30,3,3,13,0
1005,9374682,54,1,1,12,0
1006,4968665,72,11,3,13,0
1007,8729941,33,20,11,11,0
1008,1582091,23,6,6,12,0
1009,5245448,25,8,7,14,0
1010,5307708,67,17,4,13,0
1011,7715562,55,6,6,10,0
1012,7921653,35,16,6,14,0
1013,1577761,22,16,7,12,0
1014,8200302,36,13,5,11,0
1015,3480114,40,9,9,12,0
1016,2876720,65,15,4,14,0
1017,4660286,60,6,6,11,0
1018,5724223,47,0,0,12,0
1019,1538951,73,9,9,10,1
1020,6488070,71,10,10,13,0
1021,3443292,68,15,5,12,0
1022,8369359,49,7,7,13,0
1023,803487,50,14,6,14,0
1024,1779389,41,7,7,14,0
1025,2522353,71,17,13,11,0
1026,8520822,72,7,7,11,0
1027,6381958,63,0,0,12,0
1028,549075,62,16,4,12,0
1029,7589290,66,15,8,14,0
1030,4724398,78,6,3,11,0
1031,8497305,70,11,8,10,0
1032,1874355,26,11,11,10,0
1033,7566386,27,16,14,10,0
1034,4674975,38,13,12,10,0
1035,9238028,46,19,3,14,0
1036,3691589,58,10,10,14,0
1037,9205244,53,6,6,14,0
1038,8978796,27,3,3,10,0
1039,2712710,70,8,5,11,0
1040,9247929,48,4,3,13,0
1041,8325446,58,1,1,13,0
1042,6994513,76,18,6,14,0
1043,4011175,71,5,5,13,0
1044,938587,44,7,7,10,0
1045,7453204,59,13,8,10,0
1046,5904431,75,6,6,12,0
1047,1783274,34,8,7,12,1
1048,9079013,31,6,6,10,0
1049,1562434,31,14,10,11,0
1050,7334048,58,9,8,10,0
1051,7794515,51,2,2,11,1
1052,3657551,27,7,7,10,0
1053,2780592,47,16,4,13,0
1054,7908068,23,1,1,10,0
1055,1867623,60,2,2,13,0
1056,3152333,61,11,7,14,1
1057,6237498,52,1,1,13,0
1058,4813985,21,8,8,10,0
1059,6626765,57,10,10,13,0
1060,3834918,45,9,8,11,0
1061,4559022,63,5,5,11,1
1062,7231280,27,0,0,10,0
1063,2462452,50,18,10,14,0
1064,1714140,27,10,10,10,1
1065,2167931,58,13,9,11,0
1066,7055046,22,10,6,13,0
1067,4613668,79,20,4,11,0
1068,4597007,48,0,0,10,0
1069,3852642,23,11,11,12,0
1070,6381899,68,7,4,13,1
1071,9829765,31,14,12,14,0
1072,6932717,37,0,0,13,0
1073,8398435,50,9,8,10,0
1074,523445,44,1,1,12,0
1075,6258651,24,18,4,11,0
1076,532746,78,18,10,12,0
1077,6881187,23,18,11,10,0
1078,755002,59,12,12,10,0
1079,7843174,64,19,14,14,0
1080,1647746,40,1,1,12,0
1081,4005758,79,11,7,12,0
1082,7830578,43,15,6,10,0
1083,3670961,63,12,3,11,0
1084,8757417,69,5,5,10,0
1085,4839082,74,17,9,14,0
1086,7253122,72,20,8,10,0
1087,9018523,54,18,5,13,0
1088,4170819,59,18,11,11,0
1089,2357771,59,1,1,12,1
1090,9978516,51,5,5,14,0
1091,710851,21,19,14,12,0
1092,599470,53,17,3,13,0
1093,1500447,75,13,13,12,0
1094,9224297,69,19,11,14,0
1095,249273,33,18,9,14,0
1096,7524377,76,19,5,13,0
1097,6758152,71,10,7,11,0
1098,9385960,75,10,3,12,0
1099,5787761,76,1,1,13,0
1100,2215191,76,10,10,11,1
1101,7101109,34,0,0,10,0
1102,6977568,68,1,1,10,0
1103,8036025,23,8,4,14,1
1104,5187612,39,6,6,12,0
1105,9953142,51,6,6,14,0
1106,8658757,28,6,6,14,0
1107,4709297,42,14,6,10,0
1108,7246361,55,19,3,10,0
1109,9270608,79,14,4,12,1
1110,4393229,34,11,9,12,0
1111,1509614,25,0,0,13,0
1112,1908338,39,3,3,10,0
1113,3204819,72,13,12,14,0
1114,8118992,52,5,5,11,0
1115,7656726,79,9,6,12,0
1116,968745,56,9,5,14,0
1117,9314999,51,20,7,10,0
1118,8196231,37,14,7,13,0
1119,5311549,56,12,8,11,0
1120,5792307,24,9,8,13,0
1121,5575513,71,0,0,11,0
1122,3468270,68,12,6,14,0
1123,5867312,43,1,1,13,1
1124,5354814,29,20,14,14,0
1125,6644494,61,9,9,12,0
1126,7585042,53,15,3,13,0
1127,2151167,41,2,2,13,0
1128,9506126,30,12,12,13,0
1129,6810655,30,11,10,12,1
1130,1558677,28,8,8,14,0
1131,4574793,32,20,6,11,1
1132,5823407,68,8,8,14,1
1133,8143512,31,7,6,14,1
1134,5827839,43,1,1,10,1
1135,2701804,61,8,8,12,0
1136,1161702,28,4,4,14,0
1137,8259419,36,12,5,14,0
1138,7804668,54,0,0,14,0
1139,1659351,37,12,12,11,0
1140,6834194,67,19,4,12,0
1141,3905134,74,3,3,13,0
1142,329515,50,10,4,11,0
1143,9806306,78,15,4,12,0
1144,7876459,73,3,3,12,0
1145,2426917,58,12,12,14,0
1146,4461235,70,10,10,12,0
1147,808476,36,1,1,13,0
1148,9806896,53,0,0,11,0
1149,1711437,46,15,4,14,0
1150,3393850,59,18,12,13,0
1151,7253442,24,17,8,10,1
1152,9145188,54,18,14,13,0
1153,7805855,44,10,10,14,0
1154,8237019,76,8,8,12,0
1155,8688710,47,1,1,10,0
1156,5713579,53,14,10,11,1
1157,181844,33,6,6,11,0
1158,8854489,36,18,13,14,1
1159,6765574,21,7,5,12,0
1160,2493344,37,7,6,12,0
1161,1967194,58,9,9,11,0
1162,2397672,70,6,6,11,1
1163,3745099,27,10,10,11,1
1164,6309142,35,0,0,14,0
1165,2139680,76,8,4,12,0
1166,5439814,66,12,12,13,0
1167,6640673,30,15,6,11,0
1168,4659517,76,2,2,12,0
1169,737051,58,0,0,12,0
1170,3090546,54,9,5,12,1
1171,2206541,52,10,10,10,1
1172,5420974,27,14,12,12,0
1173,1463112,45,20,8,14,0
1174,6357644,37,5,5,12,0
1175,8828187,66,10,8,11,0
1176,8092590,42,4,4,11,0
1177,9739506,38,19,13,12,0
1178,3732153,30,0,0,11,0
1179,6092943,60,10,10,11,1
1180,7837542,76,3,3,13,0
1181,6382617,60,14,12,12,0
1182,2295877,71,0,0,14,0
1183,4533369,56,16,8,13,0
1184,6942006,40,5,5,14,0
1185,5338690,47,13,13,11,0
1186,5979967,54,4,4,10,0
1187,8185066,45,0,0,12,0
1188,4248868,79,11,11,13,1
1189,8476201,55,1,1,11,1
1190,1117607,53,13,6,10,0
1191,6250439,65,14,10,14,1
1192,6578390,48,17,4,13,0
1193,5090840,78,12,5,11,0
1194,3598484,76,4,4,11,0
1195,5748851,74,5,5,13,0
1196,3261320,73,9,8,10,0
1197,8001918,41,5,5,14,0
1198,1818095,30,1,1,11,0
1199,4707757,66,4,4,11,0
1200,6365998,45,8,4,10,0
1201,4468065,45,15,6,10,0
1202,1161306,32,5,5,10,0
1203,1536602,44,5,5,12,0
1204,5765297,30,18,5,10,0
1205,2807530,21,6,6,14,0
1206,3553720,49,4,4,13,0
1207,3491608,30,3,3,14,0
1208,7600748,59,13,5,10,0
1209,5953166,24,3,3,13,0
1210,2150637,62,18,10,10,0
1211,2820916,38,3,3,13,0
1212,7998315,65,13,4,12,0
1213,6616521,58,18,3,14,0
1214,5469957,21,8,8,12,0
1215,9488176,30,7,7,11,0
1216,921080,45,8,4,11,0
1217,2557697,59,18,8,14,0
1218,826478,33,15,13,11,1
1219,3738605,22,5,5,14,0
1220,4581810,36,14,6,10,0
1221,7261695,72,7,7,14,0
1222,3929663,50,5,5,12,0
1223,9047999,50,1,1,14,0
1224,2858930,40,8,8,13,0
1225,5763958,63,7,7,12,0
1226,4069436,67,6,5,13,1
1227,4612685,25,19,8,11,0
1228,4915986,45,13,13,14,0
1229,2915711,53,7,7,14,0
1230,3835379,71,8,8,12,0
1231,7223191,44,9,9,13,0
1232,5023725,67,9,9,11,0
1233,3685843,77,15,8,13,0
1234,4389360,42,20,11,10,1
1235,6395936,66,11,11,14,0
1236,4871299,40,16,6,13,0
1237,9516616,51,0,0,12,0
1238,4881021,76,18,9,13,0
1239,6894894,27,7,7,13,0
1240,5646079,40,9,9,10,0
1241,6558967,41,10,10,12,0
1242,5218196,49,12,12,10,0
1243,7714522,37,0,0,10,1
1244,874579,47,9,7,12,0
1245,7390231,35,8,8,12,0
1246,8749318,21,15,4,14,0
1247,8367421,59,3,3,11,0
1248,330553,69,10,10,10,0
1249,3711494,63,6,6,14,1
1250,6006615,62,19,12,12,0
1251,9187149,79,1,1,13,1
1252,6204281,66,11,11,10,0
1253,9809659,30,12,11,12,0
1254,5636495,57,17,10,12,0
1255,2858493,34,3,3,12,0
1256,4247387,65,20,4,10,0
1257,2301024,51,11,7,11,1
1258,2074547,55,14,11,13,0
1259,6474294,48,9,8,13,0
1260,5096110,24,18,11,12,0
1261,4627494,55,14,7,11,1
1262,5945722,38,8,7,10,0
1263,6481616,70,16,13,10,0
1264,8344425,79,17,3,13,0
1265,3333641,42,6,6,10,0
1266,2790693,36,18,10,12,0
1267,1960176,67,20,8,11,0
1268,8440210,79,18,5,10,0
1269,6925358,73,19,3,12,0
1270,4754357,25,0,0,12,0
1271,1803983,31,7,7,14,0
1272,1742621,75,17,3,12,0
1273,2040616,65,7,4,10,0
1274,5810558,24,18,6,14,0
1275,3457683,67,18,13,12,0
1276,3006135,59,18,6,10,1
1277,4167093,77,18,13,12,0
1278,6406640,67,20,8,10,0
1279,6329094,26,17,12,11,1
1280,8239075,26,7,7,11,0
1281,3538290,60,5,5,14,0
1282,6161265,34,8,4,10,0
1283,6894008,66,3,3,12,0
1284,9341101,61,18,11,12,0
1285,6028273,70,6,6,14,0
1286,4417332,24,20,11,14,0
1287,9179456,43,15,7,11,0
1288,6466990,37,13,6,14,0
1289,7783136,44,13,9,12,0
1290,628588,57,14,9,10,0
1291,3871972,26,10,10,10,0
1292,652184,45,1,1,12,0
1293,5314421,46,14,8,12,0
1294,6976958,64,1,1,13,0
1295,8596569,69,0,0,13,1
1296,2607516,76,5,5,11,1
1297,831067,48,2,2,11,0
1298,4887997,77,20,10,13,0
1299,1043413,33,16,8,13,1
1300,4074621,27,14,8,13,0
1301,7686160,24,12,10,14,0
1302,9591777,40,7,7,11,0
1303,7716276,50,16,13,12,1
1304,9427951,24,11,8,12,1
1305,8097859,46,10,10,10,0
1306,9052853,52,15,12,11,1
1307,9323226,25,20,6,10,0
1308,6212610,34,3,3,12,0
1309,1923707,40,16,4,12,1
1310,6073350,68,5,5,14,1
1311,608319,21,10,5,11,0
1312,3705729,73,4,4,13,0
1313,3475913,37,17,4,14,0
1314,3315306,66,14,3,11,1
1315,1591082,66,3,3,11,1
1316,5430984,29,15,13,12,0
1317,1857595,26,19,12,13,1
1318,8151369,67,11,6,12,1
1319,3658284,57,0,0,11,0
1320,9583974,35,12,12,12,0
1321,850458,75,1,1,12,0
1322,9704353,73,18,9,12,0
1323,6640784,35,10,5,12,0
1324,8261806,70,6,6,11,0
1325,7511554,53,4,4,11,0
1326,6380792,51,12,12,13,1
1327,785836,54,0,0,14,0
1328,4662331,79,20,8,11,0
1329,3758841,76,8,8,13,1
1330,1514602,71,6,6,13,1
1331,2450407,35,10,4,11,0
1332,7374419,43,13,9,13,0
1333,9579515,30,19,12,12,0
1334,4470476,38,0,0,13,0
1335,1077610,30,12,9,11,0
1336,5484941,25,1,1,10,0
1337,5613340,59,17,14,11,1
1338,7146402,23,20,4,14,1
1339,5931557,67,8,8,12,0
1340,6564624,56,12,12,14,0
1341,3118300,77,10,9,14,0
1342,4036559,64,1,1,12,0
1343,6420146,57,19,9,13,0
1344,2779765,45,11,4,13,0
1345,9390849,25,10,10,13,0
1346,7442529,57,6,5,10,1
1347,7245269,37,19,10,12,0
1348,3289057,78,14,13,12,0
1349,6868153,27,5,5,12,0
1350,8225744,43,0,0,11,0
1351,8489507,30,13,12,12,0
1352,5413710,53,19,12,12,0
1353,8605005,31,20,5,14,1
1354,7474639,44,12,3,13,0
1355,3656909,68,14,4,14,0
1356,7475446,60,13,5,14,0
1357,9639313,38,4,4,14,1
1358,3483388,47,6,6,13,0
1359,5570090,74,1,1,11,0
1360,1117250,52,7,5,14,0
1361,2882498,34,0,0,13,0
1362,3142984,22,13,10,12,1
1363,9230149,58,3,3,13,0
1364,1621150,48,10,9,10,1
1365,2635606,59,8,4,12,0
1366,7932994,57,18,12,11,0
1367,5769906,48,5,4,11,0
1368,6814840,53,13,3,11,0
1369,4022242,69,17,9,12,0
1370,3483756,62,8,8,14,0
1371,5354431,24,1,1,14,0
1372,9678663,46,0,0,12,1
1373,5272864,40,19,13,11,0
1374,6641682,42,0,0,10,1
1375,865416,64,17,10,12,0
1376,1661569,32,12,5,13,1
1377,2909502,27,18,4,11,1
1378,8763343,57,13,4,11,0
1379,3309801,69,19,6,11,0
1380,5618559,59,9,9,10,0
1381,1291411,56,6,6,11,0
1382,9645128,26,2,2,11,1
1383,2976480,33,11,9,12,0
1384,5855304,54,13,4,10,0
1385,347594,48,11,11,11,0
1386,5082643,66,3,3,13,0
1387,4555527,79,10,3,11,0
1388,6107468,21,16,13,14,1
1389,260350,29,15,11,10,0
1390,8899778,21,6,6,11,0
1391,259809,34,0,0,13,0
1392,1623907,44,14,14,11,0
1393,3356354,52,9,5,13,0
1394,424512,60,16,5,11,1
1395,700895,33,0,0,13,0
1396,9264415,51,10,10,11,0
1397,8775036,71,14,9,12,0
1398,5541889,75,11,10,13,0
1399,2277963,33,10,10,11,0
1400,6430245,23,16,11,11,0
1401,5663883,37,4,4,11,1
1402,3420288,71,16,4,14,0
1403,2890690,24,19,13,13,0
1404,8716053,51,11,4,10,0
1405,3412117,76,3,3,14,1
1406,6828373,69,13,3,13,0
1407,2926190,71,0,0,14,1
1408,1621537,55,11,11,12,0
1409,1199926,43,11,9,14,0
1410,2087379,33,17,4,10,0
1411,4066365,56,13,7,14,0
1412,6760782,68,5,5,11,0
1413,7310061,37,10,6,11,1
1414,5875578,54,4,4,14,0
1415,9299383,56,15,8,12,1
1416,3006454,24,11,11,11,0
1417,9807280,37,0,0,13,1
1418,3648949,65,6,6,11,1
1419,9504715,51,14,14,10,0
1420,6701205,71,13,5,13,0
1421,4547051,45,11,8,10,0
1422,1975538,40,9,9,12,0
1423,6650713,72,8,8,11,0
1424,5395461,71,10,5,10,0
1425,6387025,34,20,9,11,0
1426,59539,51,3,3,12,0
1427,6432970,53,20,6,13,0
1428,1298588,67,8,8,14,0
1429,7861257,39,7,7,11,0
1430,4515909,22,12,7,13,0
1431,2564409,29,13,7,12,1
1432,1707111,53,5,5,12,0
1433,8026974,23,20,11,12,1
1434,9538930,73,1,1,12,0
1435,3205080,47,10,10,13,1
1436,5288986,47,3,3,12,0
1437,1141065,65,3,3,11,0
1438,5844298,62,5,5,10,0
1439,6207088,35,16,13,13,1
1440,4536448,43,18,6,14,1
1441,2284439,60,18,11,12,0
1442,9768901,74,15,3,11,0
1443,6204574,27,12,5,14,0
1444,1942552,51,20,4,13,0
1445,4542920,64,11,11,14,0
1446,7037934,53,17,7,12,0
1447,924892,27,6,6,12,0
1448,6083790,31,5,4,11,0
1449,4727668,62,20,7,10,1
1450,579762,48,20,12,11,0
1451,4281675,65,15,6,11,0
1452,2447204,33,12,12,12,0
1453,1227823,30,5,5,13,0
1454,4358383,67,11,6,13,0
1455,5275803,33,10,9,13,0
1456,3565306,68,0,0,14,0
1457,5844230,44,9,9,13,0
1458,6126601,58,15,4,10,0
1459,8446445,36,6,6,10,0
1460,6634248,34,12,9,13,0
1461,6296539,30,19,3,10,0
1462,7313501,77,5,5,10,0
1463,7648582,34,8,8,12,0
1464,7767715,59,4,4,14,0
1465,3045248,50,1,1,14,0
1466,9391736,53,3,3,10,0
1467,4128579,52,15,13,13,0
1468,2946448,63,0,0,13,1
1469,5824731,61,7,6,14,0
1470,8801121,26,0,0,10,0
1471,9409703,53,16,14,12,0
1472,3797942,78,10,7,14,0
1473,4245438,43,9,6,11,0
1474,7945384,35,19,11,11,0
1475,2803101,25,10,10,14,1
1476,9951774,40,12,7,12,0
1477,4341353,78,6,6,10,0
1478,7363274,70,9,5,14,0
1479,5910135,71,2,2,11,0
1480,305527,60,14,14,14,0
1481,1529495,53,6,6,14,0
1482,6486411,48,10,10,11,0
1483,4732134,67,19,6,11,0
1484,3768361,75,9,6,13,0
1485,911309,69,12,9,13,1
1486,2282442,47,4,4,13,1
1487,6083059,54,0,0,10,0
1488,7667206,74,17,9,12,0
1489,8845611,37,14,10,13,0
1490,685679,35,10,10,11,0
1491,9777389,29,9,9,14,0
1492,1151777,41,0,0,10,0
1493,6725891,25,11,11,14,0
1494,407393,73,16,10,12,0
1495,6189149,30,0,0,14,0
1496,536306,79,5,5,11,0
1497,8259435,64,15,4,10,0
1498,9728879,30,5,5,12,0
1499,7058931,40,10,10,13,1
1500,3268962,23,18,11,13,0
1501,7710784,61,19,3,10,1
1502,4539410,35,5,5,12,0
1503,156145,69,7,7,13,1
1504,9804751,59,3,3,11,0
1505,5131419,26,2,2,10,1
1506,9766082,28,9,3,14,1
1507,7503751,27,17,8,14,1
1508,1089480,64,18,3,11,0
1509,7575197,28,12,12,14,0
1510,4734936,31,1,1,10,0
1511,9812254,35,15,8,11,0
1512,9434255,52,12,12,12,1
1513,3220675,42,6,4,12,0
1514,3693963,41,19,3,11,0
1515,5539704,68,16,8,12,0
1516,3140751,21,2,2,10,0
1517,7936020,24,18,5,12,0
1518,3391057,58,17,8,10,0
1519,3055894,68,3,3,12,0
1520,7450646,55,19,4,10,0
1521,2431771,24,10,10,12,0
1522,9578850,57,13,11,11,1
1523,6196897,25,3,3,12,0
1524,7499562,32,8,4,13,0
1525,5840140,55,0,0,10,0
1526,1678997,47,20,12,13,1
1527,6580482,48,11,7,10,0
1528,2509059,43,3,3,14,0
1529,132711,75,16,3,11,0
1530,6296816,37,0,0,11,0
1531,4392708,28,1,1,10,0
1532,5223754,56,3,3,13,0
1533,1684072,73,5,5,10,0
1534,7761009,38,3,3,12,1
1535,4733565,41,19,8,13,0
1536,7693539,71,6,5,11,0
1537,3887037,65,11,6,11,0
1538,5671193,30,20,11,14,1
1539,358137,21,14,3,12,0
1540,4865437,47,6,4,11,0
1541,44231,54,13,4,12,0
1542,5927472,54,1,1,10,0
1543,949253,59,6,6,10,0
1544,6677142,26,12,10,11,0
1545,3535310,29,10,10,14,0
1546,9297026,56,17,4,12,0
1547,2921933,58,12,3,14,0
1548,4772948,46,17,11,14,1
1549,9856572,75,8,8,12,0
1550,8925245,63,0,0,10,1
1551,279696,49,17,12,13,0
1552,1169819,72,18,11,10,0
1553,1534834,24,0,0,12,0
1554,3806203,45,10,10,13,0
1555,5604484,51,14,4,13,1
1556,673616,30,20,7,10,0
1557,1586203,65,17,5,10,0
1558,8515666,62,13,7,11,0
1559,450549,22,3,3,13,0
1560,1434051,67,18,10,13,0
1561,3779002,57,8,8,14,1
1562,3430788,63,3,3,10,1
1563,5305500,38,3,3,11,0
1564,8782393,22,17,13,11,0
1565,3061413,75,6,6,11,0
1566,7181606,57,6,6,11,0
1567,279241,41,0,0,14,1
1568,2487959,48,20,5,10,0
1569,9361261,38,6,6,14,0
1570,630763,36,17,13,13,0
1571,8196418,61,15,5,12,0
1572,2607355,56,7,7,14,0
1573,4828749,28,15,5,11,1
1574,660630,70,1,1,10,1
1575,554517,21,7,5,13,1
1576,5022180,57,2,2,11,1
1577,8649314,67,9,9,12,0
1578,733884,57,12,6,11,0
1579,7600998,66,8,8,13,1
1580,9451139,22,17,14,14,1
1581,2744667,27,17,12,11,0
1582,5616951,54,13,12,13,0
1583,3926552,21,4,4,12,0
1584,1806183,23,3,3,14,0
1585,9615150,74,1,1,13,0
1586,380430,23,1,1,11,0
1587,2662346,27,17,8,11,0
1588,881669,57,20,12,14,0
1589,3304937,63,19,14,13,0
1590,7138986,38,17,14,13,0
1591,9493039,55,16,13,11,0
1592,2824175,54,0,0,10,0
1593,238772,25,16,14,13,0
1594,9518187,69,9,3,11,0
1595,6171221,56,18,9,10,0
1596,2317886,39,15,3,13,0
1597,2989320,76,13,9,14,0
1598,3311941,60,19,11,14,0
1599,7855403,35,0,0,10,0
1600,8886565,68,14,5,14,0
1601,255794,36,13,6,11,0
1602,9530702,57,12,8,11,0
1603,5680109,47,20,5,14,0
1604,4342058,26,4,4,10,0
1605,2421681,33,8,4,13,1
1606,4400405,73,17,8,12,0
1607,5037199,77,14,7,13,0
1608,5139547,37,8,3,12,0
1609,2543132,59,8,8,10,0
1610,3932375,51,19,8,12,0
1611,8280263,28,16,14,11,0
1612,9237595,53,6,5,11,0
1613,7902199,45,1,1,10,0
1614,9089173,63,6,6,12,0
1615,7210569,54,17,10,11,1
1616,1222892,74,7,5,12,0
1617,672968,68,18,5,12,0
1618,1043629,48,2,2,11,0
1619,2568258,67,5,5,11,1
1620,4323553,54,13,3,12,0
1621,6501844,79,14,13,14,0
1622,3048347,36,17,14,13,1
1623,5660425,55,3,3,13,0
1624,9785950,45,6,6,12,0
1625,5674867,69,4,3,10,0
1626,9464294,42,9,5,10,1
1627,260970,59,2,2,13,0
1628,7829891,67,20,9,11,0
1629,553772,38,19,9,14,1
1630,1568292,48,1,1,14,0
1631,1337006,40,20,10,10,0
1632,7492021,55,19,4,13,0
1633,140516,29,19,14,10,1
1634,4888756,59,6,6,14,0
1635,4499377,48,11,11,12,1
1636,4353927,73,17,4,12,0
1637,975686,37,12,12,13,0
1638,7757255,75,0,0,14,0
1639,603307,46,12,12,10,0
1640,4935105,74,17,5,10,0
1641,3468402,50,10,7,14,0
1642,6406820,54,5,3,14,0
1643,4746091,23,5,5,14,0
1644,2045156,35,9,9,13,1
1645,5046744,63,17,8,10,0
1646,4957836,78,6,6,13,0
1647,5830632,35,15,13,11,0
1648,8177616,33,9,9,13,1
1649,6212340,56,11,11,12,0
1650,5778620,70,19,13,14,0
1651,6754188,26,2,2,14,0
1652,9249971,69,4,4,14,0
1653,4461241,71,6,6,14,0
1654,3167295,32,5,4,12,0
1655,8508480,46,0,0,10,0
1656,278747,36,10,10,10,0
1657,9840980,67,20,10,11,0
1658,4072488,71,14,4,10,0
1659,1955543,22,6,6,14,0
1660,504009,64,16,6,11,0
1661,9776434,48,11,3,13,0
1662,6036428,34,7,6,10,1
1663,9744011,44,0,0,10,0
1664,3534563,38,0,0,14,0
1665,8450190,26,6,6,10,1
1666,2375695,31,17,10,12,0
1667,5186921,40,4,4,10,0
1668,5127014,76,0,0,13,0
1669,5180835,22,1,1,10,1
1670,9649857,44,4,4,13,0
1671,2592581,62,20,14,10,0
1672,6488496,46,2,2,10,0
1673,412310,54,3,3,12,0
1674,7859790,53,10,9,10,0
1675,3737014,47,7,7,14,1
1676,8901524,72,17,4,12,0
1677,4774357,48,12,12,14,0
1678,7532651,49,15,9,12,0
1679,1545384,35,14,14,11,0
1680,7571977,75,5,5,13,1
1681,2152981,77,14,11,10,0
1682,2926684,35,1,1,11,0
1683,8410806,31,13,6,11,0
1684,5830250,24,15,9,11,0
1685,3956822,65,5,3,14,0
1686,1011117,22,11,8,14,0
1687,5919261,61,18,6,14,0
1688,9717828,22,13,10,14,1
1689,98356,50,4,4,13,1
1690,7296341,60,13,4,13,0
1691,6826034,56,14,5,11,0
1692,5950133,58,7,7,10,0
1693,9768762,66,1,1,13,1
1694,8355348,63,9,5,14,0
1695,3780730,28,5,5,14,0
1696,5294937,53,8,8,12,0
1697,145471,62,9,9,14,0
1698,371671,34,6,6,12,0
1699,2598677,41,12,11,11,0
1700,3915230,40,16,11,14,0
1701,9680806,74,2,2,14,0
1702,3984731,28,1,1,13,0
1703,5310696,55,9,4,10,0
1704,2582744,30,10,10,12,0
1705,8734369,28,10,6,11,0
1706,4393965,47,5,5,14,0
1707,1932516,57,15,11,10,0
1708,1896404,66,17,13,14,0
1709,9031360,74,20,10,10,0
1710,706221,44,9,9,13,0
1711,7157631,30,13,10,14,0
1712,2946626,77,17,12,14,0
1713,112513,77,2,2,10,0
1714,7325901,74,12,12,13,0
1715,996748,64,3,3,13,0
1716,9685181,61,19,3,11,0
1717,3790999,76,6,6,13,0
1718,8939486,35,8,8,14,0
1719,1969614,56,14,12,14,0
1720,8442518,71,6,6,11,1
1721,5846474,49,9,6,14,0
1722,354766,78,0,0,10,0
1723,9296631,31,19,11,12,0
1724,8998661,68,4,4,12,0
1725,1147932,32,20,3,14,0
1726,6004435,47,10,9,14,0
1727,7471209,49,17,9,11,0
1728,5004938,64,19,5,10,0
1729,9934305,31,9,9,11,0
1730,2377730,64,9,6,13,0
1731,2776190,64,16,4,10,0
1732,4205118,43,12,4,14,0
1733,5683509,62,19,4,14,1
1734,7369543,29,9,9,10,0
1735,2556201,62,14,11,12,0
1736,9879257,35,8,4,10,0
1737,4097238,53,5,5,14,0
1738,3238461,35,16,8,13,1
1739,9788211,46,19,6,14,0
1740,5522087,58,4,4,13,1
1741,7247559,59,5,5,11,0
1742,415771,77,10,10,12,0
1743,5303030,35,7,6,13,0
1744,7073640,79,6,6,10,0
1745,8618183,74,6,3,11,0
1746,2017565,62,9,6,11,0
1747,2280615,74,1,1,14,1
1748,1698802,71,3,3,14,0
1749,9655703,61,6,6,11,0
1750,6971490,58,18,10,13,0
1751,4433480,27,9,9,12,0
1752,978225,72,0,0,13,1
1753,1888040,43,2,2,13,0
1754,4717022,65,12,4,12,0
1755,8818909,41,6,3,13,1
1756,8653449,66,0,0,13,1
1757,2607103,33,8,4,13,0
1758,3578378,41,9,9,10,1
1759,4439374,70,16,14,10,0
1760,1932556,56,15,4,13,1
1761,2805867,36,13,8,12,0
1762,36391,34,7,6,12,0
1763,6943697,37,14,3,12,1
1764,5209218,44,20,3,14,0
1765,5184758,55,7,7,11,1
1766,1028915,44,13,6,13,0
1767,4399912,29,9,9,10,1
1768,1556371,39,11,8,13,1
1769,9337934,67,16,4,13,0
1770,2967027,54,11,11,13,0
1771,1255514,25,19,12,10,0
1772,8282569,62,9,5,12,0
1773,8353567,55,14,3,12,0
1774,8593281,22,19,11,11,1
1775,8978055,60,9,9,14,0
1776,1759952,79,11,4,10,0
1777,4545563,69,0,0,11,0
1778,3730091,24,17,4,13,0
1779,4276227,31,11,11,13,1
1780,61219,24,7,7,14,0
1781,9723891,31,9,9,14,0
1782,191452,53,1,1,12,0
1783,3577693,46,4,4,14,0
1784,1091777,45,19,4,14,0
1785,8324652,70,14,12,11,0
1786,1565345,37,5,4,14,1
1787,54128,61,13,3,13,0
1788,5413550,53,18,12,12,0
1789,1280695,43,19,14,12,0
1790,6861266,58,3,3,13,0
1791,1576759,76,0,0,13,0
1792,3708922,24,13,5,12,0
1793,9400073,68,1,1,11,0
1794,4621760,35,4,4,13,0
1795,4387681,49,0,0,10,0
1796,2587414,59,19,5,14,0
1797,3248934,40,10,10,12,0
1798,5734106,22,3,3,11,0
1799,9537662,44,19,14,12,1
1800,8800657,52,11,4,14,0
1801,1011785,65,4,4,14,0
1802,7100378,60,18,11,11,1
1803,825461,63,8,8,12,0
1804,77279,69,17,10,14,0
1805,1481287,33,19,8,11,0
1806,1453440,66,11,11,14,0
1807,4572556,38,5,5,12,0
1808,9532596,50,12,10,10,0
1809,7488205,60,9,9,10,1
1810,6662756,78,7,4,11,0
1811,3640092,65,2,2,12,1
1812,2241295,53,17,5,12,0
1813,8217682,67,10,10,10,1
1814,5776771,54,19,3,14,0
1815,3417372,35,16,13,10,0
1816,9910826,79,8,8,10,0
1817,5943449,49,3,3,11,0
1818,4872099,36,1,1,10,0
1819,7567364,58,15,4,11,0
1820,9002497,25,11,11,12,0
1821,7379284,24,12,9,11,0
1822,957493,72,14,9,14,0
1823,6889369,27,9,4,12,0
1824,4270219,40,9,4,11,0
1825,291209,58,4,4,14,1
1826,5832406,24,4,4,12,1
1827,8042270,56,11,8,13,0
1828,9218490,63,12,10,13,1
1829,700444,24,0,0,11,1
1830,9700230,55,20,8,13,1
1831,4872825,76,6,6,10,1
1832,2034897,38,20,9,12,0
1833,4521844,64,2,2,12,0
1834,1351218,57,0,0,12,0
1835,1047915,23,4,4,11,1
1836,3168211,44,5,5,14,0
1837,6142261,44,17,5,13,0
1838,3193872,71,10,10,10,0
1839,2004249,47,10,5,11,0
1840,926016,37,20,3,14,0
1841,6905894,39,8,7,11,0
1842,8597260,56,20,6,14,1
1843,315735,37,3,3,10,0
1844,9888590,59,8,3,12,0
1845,7581703,40,9,9,13,0
1846,9165973,37,14,11,11,0
1847,5524568,44,14,6,12,0
1848,1996629,58,3,3,13,0
1849,11430,70,20,3,13,0
1850,2584624,31,14,8,12,0
1851,3492662,66,7,7,13,0
1852,3025272,78,6,6,11,0
1853,5924444,33,1,1,12,1
1854,1743237,66,0,0,14,1
1855,116617,62,15,14,11,1
1856,671223,74,7,6,13,0
1857,9253396,58,14,8,13,0
1858,1337374,52,20,9,12,0
1859,9034541,68,4,4,10,0
1860,5253347,23,5,5,13,0
1861,6638529,69,1,1,10,0
1862,9398593,25,6,6,12,0
1863,1318865,73,5,5,13,0
1864,1258983,76,12,4,10,0
1865,8830162,77,18,14,13,0
1866,9139229,43,9,9,13,0
1867,331414,32,19,11,11,0
1868,8366327,56,2,2,10,0
1869,2907457,55,18,10,14,0
1870,5075609,73,9,4,14,0
1871,7229092,78,9,6,11,0
1872,1342169,37,16,8,12,0
1873,7845861,70,7,4,10,0
1874,1727277,45,9,9,14,0
1875,7134942,28,20,11,10,1
1876,6762902,43,10,3,13,0
1877,6196741,70,17,8,11,0
1878,912537,27,20,11,11,0
1879,3422262,78,8,8,12,0
1880,1100548,49,3,3,10,1
1881,8929282,36,19,3,12,0
1882,1877096,74,15,10,12,0
1883,5375354,38,4,4,14,0
1884,8654497,79,4,4,13,0
1885,7853718,24,8,7,11,0
1886,813741,79,13,12,12,0
1887,5423896,34,12,5,12,0
1888,9665324,57,11,7,14,0
1889,7720372,72,6,6,11,1
1890,2797000,52,6,5,13,0
1891,6568495,31,5,5,10,0
1892,5798034,28,19,3,12,0
1893,9574183,39,14,8,12,0
1894,3255548,63,14,14,12,0
1895,7626654,60,12,12,13,0
1896,6360884,65,8,5,11,0
1897,7756519,56,4,4,14,1
1898,5865272,61,18,9,11,0
1899,1473816,68,10,10,12,0
1900,1661836,56,13,13,14,0
1901,1034564,27,17,8,12,0
1902,7768728,48,2,2,12,0
1903,9345198,49,9,9,11,1
1904,6593247,33,12,7,10,0
1905,2716181,76,8,8,11,1
1906,6118487,42,12,3,11,0
1907,4705172,62,4,4,12,0
1908,1829777,27,8,3,14,0
1909,2415720,79,20,6,12,0
1910,6302112,58,18,7,11,0
1911,853087,70,0,0,10,0
1912,7797565,48,15,13,14,0
1913,779324,45,20,4,10,1
1914,1166694,66,3,3,14,0
1915,6105581,53,14,3,13,0
1916,1079145,66,16,9,13,1
1917,208537,33,6,6,12,0
1918,5336783,36,9,5,14,0
1919,2157500,59,16,11,11,0
1920,5340166,30,1,1,11,0
1921,1026262,79,12,12,10,0
1922,6382273,43,18,12,14,0
1923,9544863,61,20,14,14,0
1924,5239824,58,6,6,12,0
1925,8026612,38,13,9,11,0
1926,2475883,64,2,2,10,0
1927,1950787,53,12,7,12,0
1928,7076437,71,14,8,12,0
1929,9747887,40,19,4,14,0
1930,2279438,65,3,3,10,0
1931,2362103,56,2,2,11,1
1932,1681428,78,6,3,11,0
1933,4514928,28,20,5,11,1
1934,436140,73,13,11,10,0
1935,9612896,30,9,5,14,0
1936,6942586,23,6,5,10,0
1937,2670187,23,8,8,10,0
1938,9704228,45,14,3,14,0
1939,5400619,71,1,1,12,0
1940,8012134,48,0,0,10,0
1941,7592766,58,1,1,14,0
1942,3536292,77,15,11,10,0
1943,5365286,26,12,7,12,0
1944,6642820,78,8,6,11,0
1945,9659187,37,11,11,11,0
1946,9775346,48,6,6,10,1
1947,2304127,29,5,5,13,0
1948,1650754,78,8,8,12,0
1949,1382869,44,8,8,12,0
1950,8397031,54,12,10,12,0
1951,549784,63,4,4,13,0
1952,738257,27,3,3,10,0
1953,9074439,41,15,7,10,0
1954,5732279,29,18,12,11,0
1955,1223549,66,19,14,13,0
1956,1051509,54,2,2,12,0
1957,3766437,24,11,10,10,0
1958,6577271,51,19,10,10,0
1959,5669046,65,8,4,12,0
1960,1891120,59,10,10,11,0
1961,5648251,48,2,2,13,0
1962,9624827,58,20,9,12,0
1963,1687470,79,0,0,10,0
1964,1705824,27,15,13,10,0
1965,3198849,74,3,3,10,0
1966,242890,78,12,3,10,0
1967,6359903,61,3,3,12,0
1968,8390146,74,18,8,13,0
1969,6051217,48,20,7,12,0
1970,6381050,29,4,4,12,0
1971,974748,42,6,6,11,1
1972,5764101,35,13,13,11,0
1973,2975236,55,13,12,10,0
1974,5888261,78,6,3,10,0
1975,5315413,35,14,5,11,0
1976,1035064,66,6,6,11,0
1977,2250273,42,16,8,11,0
1978,4751315,26,16,10,12,0
1979,3601316,56,15,9,12,0
1980,7600309,48,3,3,12,0
1981,8217987,56,13,8,14,0
1982,7757778,78,17,12,12,1
1983,1871303,62,16,6,12,0
1984,7713626,47,0,0,12,0
1985,7979699,47,15,10,13,0
1986,6683083,69,1,1,12,0
1987,7477764,34,3,3,12,0
1988,5783146,51,18,7,12,0
1989,1038909,58,19,4,11,1
1990,1947449,42,8,8,11,0
1991,3867310,28,20,7,14,0
1992,7923142,39,5,5,13,0
1993,8640226,40,12,9,10,0
1994,151700,33,20,6,13,1
1995,9719853,61,14,3,13,0
1996,2411292,63,3,3,10,0
1997,3108450,53,20,8,13,0
1998,1067890,41,14,3,12,1
1999,4373442,46,1,1,10,0
2000,6152081,66,8,3,12,0
2001,5539169,30,6,6,13,0
2002,9685699,62,6,6,10,0
2003,8929413,48,19,10,11,0
2004,6859087,44,8,6,14,0
2005,9840316,24,13,4,11,0
2006,6437103,56,3,3,12,0
2007,749923,54,5,5,13,0
2008,9917916,70,11,11,13,0
2009,2239559,40,15,5,11,0
2010,5679259,78,17,14,10,0
2011,4489952,66,5,5,11,1
2012,3656176,29,5,4,10,0
2013,1956676,65,12,8,11,0
2014,4592797,66,20,13,11,0
2015,8462658,53,16,12,12,0
2016,243245,68,19,14,12,0
2017,7530512,65,12,10,12,1
2018,7257927,75,18,10,13,0
2019,8925422,72,14,6,10,0
2020,4512216,76,18,7,14,0
2021,2810048,79,7,7,13,0
2022,4436504,56,9,9,13,0
2023,4142958,60,2,2,11,0
2024,1950853,54,6,6,14,1
2025,2300039,36,4,3,13,0
2026,1061632,75,6,6,10,0
2027,5792043,71,6,6,11,1
2028,5173221,55,17,8,13,0
2029,2297128,30,6,6,13,1
2030,1494575,69,19,10,11,0
2031,3802714,71,16,8,13,1
2032,4097229,28,9,9,12,0
2033,510912,32,5,5,12,0
2034,6236454,22,16,11,10,0
2035,7887547,32,10,10,12,0
2036,6088232,58,18,4,10,0
2037,7733758,27,20,4,11,0
2038,9726816,73,0,0,11,0
2039,4977653,54,17,13,11,1
2040,6350875,41,5,5,11,0
2041,3984296,50,4,4,14,0
2042,7155409,77,12,10,13,0
2043,335003,75,11,11,13,1
2044,5544342,73,4,4,12,0
2045,4320824,63,11,7,10,0
2046,3900011,52,6,4,10,0
2047,2822867,52,16,6,14,0
2048,4089865,71,11,7,11,0
2049,5899823,46,8,8,13,0
2050,6699313,58,6,6,10,0
2051,3125755,75,8,8,12,0
2052,4816071,63,17,13,14,1
2053,6259733,56,19,4,14,0
2054,854406,68,13,7,12,0
2055,2361934,78,0,0,12,0
2056,37512,36,8,8,14,0
2057,3672369,60,12,6,12,1
2058,300440,54,20,8,11,0
2059,74087,69,15,8,14,0
2060,2548584,42,13,13,13,0
2061,1211333,32,14,13,14,0
2062,5839084,35,20,10,10,0
2063,7278743,36,9,9,14,0
2064,1336270,66,19,8,12,1
2065,6525200,55,11,6,14,1
2066,7536411,63,7,4,10,0
2067,762473,50,0,0,11,0
2068,8089960,64,11,11,14,0
2069,6647354,53,2,2,11,0
2070,1140203,50,18,13,13,0
2071,9656322,56,15,7,11,0
2072,4281870,53,1,1,12,0
2073,4004905,44,1,1,14,0
2074,800497,49,20,8,14,0
2075,1053988,73,6,6,13,1
2076,4949034,22,16,14,12,0
2077,9803522,55,14,14,11,1
2078,3287010,49,6,6,11,0
2079,7770680,38,10,10,12,1
2080,3831842,58,4,4,14,0
2081,2287264,30,14,4,10,0
2082,2591229,68,11,11,12,0
2083,1798025,45,18,10,12,0
2084,9962662,79,19,7,11,0
2085,614251,59,14,12,13,0
2086,4073521,36,2,2,12,0
2087,5013574,70,1,1,11,0
2088,6798686,31,9,9,10,1
2089,2874640,50,10,9,12,0
2090,2229331,79,6,6,11,1
2091,3105209,79,12,5,14,0
2092,8524690,38,7,7,12,0
2093,4041403,47,19,13,14,1
2094,6524945,45,8,8,14,0
2095,6601303,23,18,4,12,0
2096,2256811,77,4,4,14,0
2097,6332286,56,19,10,14,0
2098,718057,59,19,4,11,1
2099,8053436,42,8,8,11,1
2100,2116651,55,18,12,14,0
2101,228131,30,5,5,12,1
2102,600473,24,11,6,14,1
2103,8964405,67,15,8,10,0
2104,3246861,79,2,2,13,0
2105,9541394,22,15,12,11,0
2106,704775,33,8,4,14,0
2107,7951428,63,12,8,11,0
2108,9700346,74,4,4,11,0
2109,4806237,79,10,4,11,0
2110,1567163,68,7,7,10,0
2111,3463312,76,2,2,10,0
2112,9441892,51,0,0,11,0
2113,973794,69,16,8,14,1
2114,5069235,26,10,9,14,0
2115,6036833,25,11,11,12,0
2116,5643649,77,16,13,12,0
2117,5465804,32,10,6,12,1
2118,9185581,29,12,10,13,0
2119,6913078,38,14,3,14,0
2120,7908473,66,0,0,10,1
2121,5047941,36,14,7,12,0
2122,3485450,64,15,7,13,0
2123,7645788,71,17,13,14,0
2124,9543081,38,4,4,13,0
2125,1506859,30,11,5,10,0
2126,7098144,60,1,1,13,0
2127,5403583,44,14,8,12,0
2128,5655702,21,8,8,11,0
2129,9223610,27,6,6,14,0
2130,6565294,56,11,11,14,0
2131,4938334,73,13,9,10,0
2132,4305317,75,6,6,12,1
2133,8561605,41,16,9,11,0
2134,8942790,26,0,0,14,0
2135,3104798,27,18,12,11,0
2136,9959440,78,17,9,13,0
2137,9859799,70,1,1,11,0
2138,9842635,60,7,7,11,0
2139,3038020,30,15,4,10,1
2140,5699708,21,7,7,14,0
2141,75855,33,17,12,11,1
2142,4932179,24,2,2,10,0
2143,3130971,43,16,13,11,1
2144,7090163,52,17,7,11,0
2145,3453372,47,2,2,10,1
2146,675893,46,7,6,11,0
2147,897017,45,0,0,13,0
2148,3465762,55,13,7,10,0
2149,3940063,35,18,3,10,0
2150,9038552,76,7,4,14,1
2151,8129321,22,16,13,12,0
2152,8934196,51,18,3,10,0
2153,448452,22,7,6,13,1
2154,5055461,41,11,10,12,0
2155,1484805,46,13,8,14,0
2156,4854861,77,1,1,13,0
2157,7128178,67,5,5,13,0
2158,5991825,58,17,3,10,0
2159,5300443,71,8,7,13,1
2160,5994323,55,10,10,10,1
2161,7436747,25,3,3,14,0
2162,5988378,24,9,5,14,0
2163,147581,74,18,9,11,1
2164,4971595,54,8,8,13,0
2165,2136279,37,17,5,10,0
2166,3757777,24,20,3,13,0
2167,622487,64,10,10,10,0
2168,6706117,70,6,4,12,0
2169,3437016,74,4,4,14,0
2170,6244146,71,2,2,12,0
2171,140981,36,17,9,12,1
2172,8139107,35,17,12,10,0
2173,289113,40,5,5,12,1
2174,2593784,66,1,1,11,1
2175,6649334,59,12,11,11,0
2176,9644741,45,2,2,10,0
2177,651925,79,5,4,12,0
2178,550542,33,11,4,13,0
2179,9623591,49,8,8,14,0
2180,9772588,72,16,8,12,0
2181,2559385,74,14,9,12,0
2182,8666033,52,1,1,12,0
2183,4902965,32,7,7,11,0
2184,8909724,71,4,4,11,1
2185,6135332,35,17,7,11,0
2186,4423589,33,19,8,12,1
2187,9053211,70,10,8,13,0
2188,9243110,47,3,3,11,0
2189,3478269,28,2,2,13,0
2190,9417795,46,8,8,11,0
2191,383282,23,0,0,13,0
2192,2570783,55,0,0,11,0
2193,1056300,24,19,13,13,0
2194,8215558,43,1,1,13,1
2195,3230942,46,18,12,10,0
2196,9290267,54,4,4,14,1
2197,4742685,38,2,2,12,1
2198,4590909,27,14,8,14,0
2199,4189025,66,15,12,14,0
2200,5581770,56,12,8,13,0
2201,8593318,75,20,7,13,1
2202,4778152,42,13,3,12,1
2203,8419034,70,12,12,11,0
2204,8785845,69,8,6,14,1
2205,1080039,66,18,11,10,0
2206,897935,75,7,7,10,0
2207,2374233,74,3,3,11,0
2208,8549004,40,17,14,12,0
2209,7335666,56,13,8,12,0
2210,2586645,50,6,6,10,0
2211,3900250,34,1,1,11,0
2212,3123209,53,16,3,10,1
2213,4383720,48,7,7,12,0
2214,2560874,38,5,5,13,0
2215,1516293,32,20,10,12,0
2216,7013255,75,10,10,11,1
2217,3696953,30,17,4,11,0
2218,4728760,38,6,3,12,0
2219,3956624,66,18,12,10,0
2220,2240686,42,1,1,13,0
2221,2823506,50,12,12,12,0
2222,583557,27,3,3,10,0
2223,8799564,36,19,7,13,0
2224,424500,40,1,1,10,0
2225,9574852,48,14,14,10,0
2226,732443,65,4,4,14,0
2227,3582731,54,2,2,14,0
2228,1934502,27,18,5,14,0
2229,5765117,43,7,7,11,0
2230,4445518,34,16,8,12,0
2231,4708902,64,17,14,13,0
2232,7747297,34,2,2,11,0
2233,2745694,36,11,9,13,0
2234,2386002,24,10,6,12,0
2235,4745314,61,18,4,14,0
2236,1762916,68,16,5,13,0
2237,4647997,42,18,5,12,0
2238,8323780,62,8,5,14,0
2239,8284930,27,17,8,11,0
2240,277326,45,9,9,13,0
2241,6081941,22,19,6,12,0
2242,8527776,54,2,2,11,1
2243,8981043,57,8,8,12,1
2244,3218377,66,15,7,14,0
2245,4012270,39,7,7,10,1
2246,1369446,59,3,3,11,1
2247,6098816,64,10,8,10,0
2248,7186684,55,3,3,12,1
2249,2147176,45,5,5,14,1
2250,3940320,62,10,9,10,0
2251,3306272,60,3,3,13,0
2252,9279566,45,14,7,12,0
2253,8212954,70,7,5,14,0
2254,9275320,28,12,3,13,1
2255,9280298,51,3,3,10,0
2256,9846056,28,12,12,13,0
2257,2619515,49,8,8,13,0
2258,9685641,63,5,5,12,0
2259,7574572,78,5,5,10,1
2260,6117194,23,9,9,14,0
2261,1208514,72,6,6,10,0
2262,7644982,24,1,1,11,1
2263,5951430,55,10,10,10,0
2264,1423305,70,5,5,11,0
2265,7804453,77,14,3,14,0
2266,3478374,74,5,5,10,1
2267,2421544,46,17,6,13,1
2268,8613069,38,14,5,14,0
2269,5652178,61,13,13,14,0
2270,9804758,66,4,4,12,0
2271,7059372,43,4,4,13,0
2272,6449400,33,18,10,10,0
2273,6328565,69,18,5,13,0
2274,1308957,22,20,3,14,0
2275,3711225,56,17,12,11,0
2276,5085906,33,18,10,12,0
2277,4829059,59,17,11,13,0
2278,3450249,67,6,6,13,0
2279,6284000,32,3,3,11,1
2280,4762371,72,18,5,12,0
2281,8720778,74,13,13,10,0
2282,1111823,47,20,11,11,0
2283,9991569,45,1,1,10,0
2284,3888767,54,14,13,14,0
2285,4516990,69,9,9,11,1
2286,7961712,41,10,10,14,1
2287,3685028,32,13,6,11,1
2288,7268991,35,7,7,10,0
2289,3239333,46,20,6,10,0
2290,7060513,70,14,11,10,0
2291,2062664,55,6,6,13,0
2292,7018599,53,0,0,13,1
2293,5035598,38,18,14,14,0
2294,5509700,37,0,0,13,1
2295,2825908,45,1,1,10,0
2296,9425863,69,19,4,11,0
2297,4060312,53,9,8,12,0
2298,5178562,28,9,9,12,0
2299,4737242,29,5,5,13,0
2300,1045513,40,2,2,14,1
2301,8141088,22,1,1,12,1
2302,5787174,37,10,3,11,0
2303,5792170,41,4,4,11,0
2304,5569222,60,15,13,11,0
2305,8259158,79,14,13,10,1
2306,1769969,60,3,3,11,0
2307,6859891,66,13,11,13,0
2308,7251288,68,9,3,13,0
2309,1811742,54,17,3,14,0
2310,1006955,31,20,3,13,0
2311,4039406,64,15,5,10,0
2312,8771012,64,17,12,10,0
2313,796965,39,19,11,12,0
2314,3713726,56,16,7,14,0
2315,4844257,38,11,4,14,0
2316,332177,70,20,7,13,1
2317,4295693,52,13,6,13,0
2318,3262793,29,5,5,13,0
2319,2240230,31,3,3,12,0
2320,4122315,31,14,10,11,0
2321,6910809,41,10,5,12,0
2322,7204122,73,14,14,11,0
2323,1915161,62,16,9,10,0
2324,8380088,33,3,3,11,0
2325,9601652,60,4,4,11,0
2326,6570794,55,4,4,13,0
2327,3253176,60,10,5,11,0
2328,9961539,41,8,8,10,1
2329,4195860,46,8,5,11,0
2330,2564196,55,20,10,14,0
2331,1601803,40,1,1,10,0
2332,1929764,45,5,3,12,1
2333,2688331,68,16,8,11,0
2334,415703,56,5,5,11,0
2335,8305980,79,19,7,10,0
2336,9749077,75,3,3,14,0
2337,7710303,41,12,4,14,0
2338,7724617,25,0,0,13,0
2339,8603352,43,12,4,10,0
2340,9523265,60,18,7,11,0
2341,9013930,25,5,5,10,0
2342,3671761,29,18,3,14,0
2343,7500815,31,18,14,11,0
2344,5421502,22,12,9,12,0
2345,7353596,66,5,5,11,0
2346,265272,75,20,6,14,1
2347,3318935,57,16,4,10,0
2348,1923313,71,5,3,10,1
2349,1725008,21,17,5,12,0
2350,9846008,48,0,0,13,0
2351,4415868,48,1,1,14,0
2352,5695619,29,4,4,13,0
2353,469269,65,7,3,12,1
2354,5545217,52,12,9,13,0
2355,5486340,61,13,12,11,0
2356,8514407,43,1,1,13,1
2357,689443,40,11,4,11,0
2358,3377664,59,10,10,10,0
2359,7240165,21,9,7,11,0
2360,6733582,24,3,3,10,1
2361,8424956,57,12,12,10,1
2362,9932138,45,19,9,14,0
2363,2364798,68,5,5,10,0
2364,4819023,50,18,12,10,0
2365,2282537,64,8,7,12,0
2366,8982743,34,15,8,11,0
2367,2694059,76,12,7,10,0
2368,1872855,79,16,4,13,0
2369,1871961,64,4,4,11,0
2370,4485772,52,20,6,10,0
2371,4862321,65,16,9,11,0
2372,6547688,27,5,4,12,1
2373,8199311,66,3,3,13,0
2374,8036522,63,6,6,12,0
2375,4535286,52,17,4,12,0
2376,9974540,54,6,6,13,0
2377,9112796,27,5,5,12,0
2378,1216848,60,9,9,12,1
2379,9783868,27,20,12,14,0
2380,1680415,69,18,5,12,0
2381,3884230,25,13,10,11,0
2382,8426506,68,1,,,
